run,year,age,soiling,growth,inverter_failed,priority|Water pump,priority|Health post,priority|School,priority|Homes,equal|Water pump,equal|Health post,equal|School,equal|Homes,backup|Water pump,backup|Health post,backup|School,backup|Homes
0,2006,6.583176596280785,0.06184208174356183,1.0470886739438248,False,1.0,1.0,1.0,0.9787268331990331,1.0,0.9942922374429224,1.0,0.991941982272361,1.0,1.0,1.0,0.9787268331990331
1,2020,11.417095529855295,0.027686817960532753,1.2251929689477836,False,1.0,1.0,1.0,0.9352298296367727,0.9994535519125683,0.9752959927140255,0.9980099502487563,0.9651237544198007,1.0,1.0,1.0,0.9352298296367727
2,2008,9.657976801209967,0.04660485192963987,1.1136193608923883,False,1.0,1.0,0.9970149253731343,0.9016393442622951,0.9994535519125683,0.9584471766848816,0.9990049751243781,0.9413371906139505,1.0,1.0,0.9970149253731343,0.9016393442622951
3,2023,0.9572588415626299,0.057899863947323896,1.379043870042687,False,1.0,1.0,1.0,0.8800966962127317,0.9994520547945206,0.9367579908675799,0.999009900990099,0.9107171635777599,1.0,1.0,1.0,0.8800966962127317
4,2006,13.396816819832965,0.031678322471118056,1.2333605018635172,True,0.9671232876712329,0.9671232876712329,1.0,0.8826752618855761,0.9671232876712329,0.9253424657534246,1.0,0.9081385979049154,1.0,1.0,1.0,0.8826752618855761
5,2019,11.171432338617256,0.039549521488289115,1.1852298530174346,False,1.0,1.0,1.0,0.9445608380338437,1.0,0.9736301369863014,1.0,0.9627719580983078,1.0,1.0,1.0,0.9445608380338437
6,2018,2.8420703862642855,0.04854229557355602,1.1134546745254421,False,1.0,1.0,1.0,0.9784045124899274,1.0,0.986986301369863,0.999009900990099,0.981627719580983,1.0,1.0,1.0,0.9784045124899274
7,2023,12.490172940867561,0.038741998482922466,1.4161299006976005,False,1.0,1.0,1.0,0.8826752618855761,1.0,0.9136986301369863,1.0,0.8781627719580983,1.0,1.0,1.0,0.8826752618855761
8,2013,5.812175685452617,0.060949730238498534,1.0698762418046548,False,1.0,1.0,0.9960199004975124,0.9719580983078163,0.9994520547945206,0.990296803652968,0.9980099502487563,0.9864625302175665,1.0,1.0,0.9960199004975124,0.9719580983078163
9,2021,11.803865662532075,0.06230992271758011,1.390364515510984,False,1.0,1.0,1.0,0.8868654311039484,1.0,0.9175799086757991,1.0,0.8836422240128928,1.0,1.0,1.0,0.8868654311039484
10,2005,8.531117939293406,0.026871804412158407,1.3342014808952358,False,1.0,1.0,1.0,0.8670427074939565,1.0,0.9255707762557077,1.0,0.8949234488315875,1.0,1.0,1.0,0.8670427074939565
11,2022,11.474982861240385,0.05321476403947975,1.2796035803727068,False,1.0,1.0,1.0,0.9170024174053183,1.0,0.9621004566210045,1.0,0.9464947622884771,1.0,1.0,1.0,0.9170024174053183
12,2016,0.4622675185190911,0.03287508036917175,1.2042643218623181,False,1.0,1.0,1.0,0.9744455159112826,0.9994535519125683,0.9931693989071039,0.9980295566502463,0.9903567984570878,1.0,1.0,1.0,0.9744455159112826
13,2005,0.8745411253359903,0.037615625466001015,1.3309582573634475,False,1.0,1.0,1.0,0.9063658340048348,1.0,0.9569634703196347,1.0,0.9392425463336019,1.0,1.0,1.0,0.9063658340048348
14,2009,11.758473136596203,0.04438321168640423,1.4070101923330174,False,1.0,1.0,1.0,0.8973408541498791,1.0,0.9214611872146119,1.0,0.8891216760676873,1.0,1.0,1.0,0.8973408541498791
15,2011,1.3507179116346264,0.04771263381508324,1.080635889516801,False,1.0,1.0,1.0,0.991941982272361,1.0,0.9955479452054794,1.0,0.9937147461724416,1.0,1.0,1.0,0.991941982272361
16,2005,2.2846815406975263,0.04676937653444184,1.1905106130482412,False,1.0,1.0,1.0,0.9537469782433521,1.0,0.9885844748858448,1.0,0.983883964544722,1.0,1.0,1.0,0.9537469782433521
17,2018,5.427189158300856,0.02708035412723092,1.4809488322747573,False,1.0,1.0,1.0,0.8435132957292506,1.0,0.9084474885844749,1.0,0.8712328767123287,1.0,1.0,1.0,0.8435132957292506
18,2017,10.495607007161244,0.07815058264086343,1.3893754519828974,False,1.0,1.0,1.0,0.8736502820306205,0.9994520547945206,0.927054794520548,0.999009900990099,0.8970185334407735,1.0,1.0,1.0,0.8736502820306205
19,2020,4.083623427677385,0.0741561437926305,1.2278881449168055,False,1.0,1.0,1.0,0.9140147862423658,0.9994535519125683,0.9625455373406193,0.9980099502487563,0.9471231115396979,1.0,1.0,1.0,0.9140147862423658
20,2013,4.589349362259788,0.030606366976353903,1.4283071420461877,False,1.0,1.0,0.9980099502487563,0.8759065269943593,0.9989041095890411,0.9284246575342465,0.9990049751243781,0.8989524576954069,1.0,1.0,0.9980099502487563,0.8759065269943593
21,2014,6.481395596626555,0.05504587813476414,1.32492330077741,True,0.9424657534246575,0.9424657534246575,0.925,0.84174053182917,0.9424657534246575,0.8794520547945206,0.925,0.853505237711523,1.0,1.0,0.925,0.84174053182917
22,2020,7.409862288667784,0.028671451331962812,1.051701483861276,False,1.0,1.0,1.0,0.9693024750883961,0.9994535519125683,0.9936247723132969,0.9990049751243781,0.9909996785599485,1.0,1.0,1.0,0.9693024750883961
23,2005,2.5588945280532913,0.054863668382023695,1.1734349022674184,False,1.0,1.0,1.0,0.9595487510072522,1.0,0.9889269406392694,1.0,0.9843674456083803,1.0,1.0,1.0,0.9595487510072522
24,2010,14.37838819862168,0.06696411363501717,1.0413649999612193,False,1.0,1.0,1.0,0.989041095890411,1.0,0.9939497716894977,1.0,0.9914585012087027,1.0,1.0,1.0,0.989041095890411
25,2005,7.360604915317814,0.05430368314256452,1.2367447005284768,False,1.0,1.0,1.0,0.9045930701047542,1.0,0.9292237442922374,1.0,0.9000805801772764,1.0,1.0,1.0,0.9045930701047542
26,2024,7.8100860370730665,0.021296724792819827,1.413145962097179,False,1.0,1.0,1.0,0.8429765348762456,1.0,0.9127959927140255,1.0,0.8768884603021536,1.0,1.0,1.0,0.8429765348762456
27,2011,2.1037363349791613,0.026514544468126615,1.336120046519906,False,1.0,1.0,1.0,0.8899274778404512,1.0,0.9458904109589041,1.0,0.9236099919419822,1.0,1.0,1.0,0.8899274778404512
28,2009,10.90491921430324,0.026464456757353795,1.458005922568804,False,1.0,1.0,1.0,0.8896051571313457,1.0,0.9165525114155251,1.0,0.8821917808219178,1.0,1.0,1.0,0.8896051571313457
29,2018,0.5611883426426967,0.042255337031746325,1.4148948715662066,False,1.0,1.0,1.0,0.8836422240128928,0.9989041095890411,0.9267123287671233,0.999009900990099,0.8965350523771153,1.0,1.0,1.0,0.8836422240128928
30,2024,14.293490926046175,0.05090342775390287,1.1279825452838015,False,1.0,1.0,1.0,0.9521054323368692,1.0,0.9853142076502732,1.0,0.9792671166827387,1.0,1.0,1.0,0.9521054323368692
31,2011,2.469117263730272,0.046105823600182276,1.4961877820279186,False,1.0,1.0,1.0,0.8763900080580177,1.0,0.9264840182648402,1.0,0.8962127316680096,1.0,1.0,1.0,0.8763900080580177
32,2006,13.361887363177873,0.05113150162318694,1.1579645259153966,False,1.0,1.0,1.0,0.9442385173247381,1.0,0.9791095890410959,1.0,0.9705076551168412,1.0,1.0,1.0,0.9442385173247381
33,2019,9.924918947516415,0.025668000083690915,1.373394805674513,False,1.0,1.0,1.0,0.8356164383561644,1.0,0.9023972602739726,1.0,0.8622078968573731,1.0,1.0,1.0,0.8356164383561644
34,2005,3.6145586250852713,0.06986676032749436,1.076642158312247,False,1.0,1.0,1.0,0.9906526994359388,1.0,0.9954337899543378,1.0,0.9935535858178888,1.0,1.0,1.0,0.9906526994359388
35,2023,8.990741872812652,0.0317860799428744,1.1551618364500473,False,1.0,1.0,1.0,0.8876712328767123,1.0,0.9421232876712329,1.0,0.9182917002417406,1.0,1.0,1.0,0.8876712328767123
36,2011,7.511117793035135,0.02083617726249209,1.1148280149994276,False,1.0,1.0,1.0,0.9403706688154714,1.0,0.9759132420091324,1.0,0.9659951651893635,1.0,1.0,1.0,0.9403706688154714
37,2024,10.164880104192862,0.05037979589723798,1.3471312178214432,False,1.0,1.0,1.0,0.8937640630022501,1.0,0.9472905282331512,1.0,0.9255866280938605,1.0,1.0,1.0,0.8937640630022501
38,2013,12.061867892733941,0.0643390402349325,1.0655288757786567,False,1.0,1.0,0.9980099502487563,0.979532634971797,0.9994520547945206,0.9885844748858448,0.9980099502487563,0.983883964544722,1.0,1.0,0.9980099502487563,0.979532634971797
39,2008,13.913438265097614,0.038056921506856384,1.2442920226757668,False,1.0,1.0,0.9970149253731343,0.9080681452909033,0.9994535519125683,0.956056466302368,0.9950248756218906,0.9379620700739312,1.0,1.0,0.9970149253731343,0.9080681452909033
40,2011,4.296693403230825,0.02149156948317538,1.2775990211634123,False,1.0,1.0,1.0,0.8905721192586624,1.0,0.9460045662100457,1.0,0.9237711522965351,1.0,1.0,1.0,0.8905721192586624
41,2024,1.5884610562612993,0.04514685915897823,1.483115956071591,False,1.0,1.0,1.0,0.8821922211507554,1.0,0.9294171220400729,1.0,0.9003535840565734,1.0,1.0,1.0,0.8821922211507554
42,2008,12.06541373419456,0.06708580695513125,1.0089183919884939,False,1.0,1.0,0.9980099502487563,0.9927675988428158,0.9994535519125683,0.995787795992714,0.9980099502487563,0.9940533590485374,1.0,1.0,0.9980099502487563,0.9927675988428158
43,2023,12.441429223241045,0.03395844451798602,1.2653847952995267,False,1.0,1.0,0.999009900990099,0.9013698630136986,1.0,0.9511415525114155,1.0,0.9310233682514102,1.0,1.0,0.999009900990099,0.9013698630136986
44,2023,9.046607360080884,0.04245104260443096,1.2129410431867549,False,1.0,1.0,1.0,0.9066881547139404,1.0,0.9253424657534246,1.0,0.8946011281224818,1.0,1.0,1.0,0.9066881547139404
45,2022,13.012359476284873,0.034870373777081486,1.1183311814987906,False,1.0,1.0,1.0,0.9850120870265915,1.0,0.9928082191780822,1.0,0.9898468976631749,1.0,1.0,1.0,0.9850120870265915
46,2021,1.5791711978118745,0.0556660198253871,1.073086622096349,False,1.0,1.0,1.0,0.9901692183722804,1.0,0.9953196347031964,1.0,0.9933924254633361,1.0,1.0,1.0,0.9901692183722804
47,2021,4.655020108861116,0.07525822834924702,1.0827658613676392,False,1.0,1.0,1.0,0.9822723609991942,1.0,0.9917808219178083,0.999009900990099,0.9883964544721998,1.0,1.0,1.0,0.9822723609991942
48,2016,1.7323509549803244,0.023323724549855606,1.0873207354679264,True,0.9262295081967213,0.9262295081967213,0.9004926108374385,0.9225329476052716,0.9262295081967213,0.9245218579234973,0.9014778325123153,0.9238187078109933,1.0,1.0,0.9004926108374385,0.9225329476052716
49,2015,5.904456852480424,0.050271574221333805,1.4375024711173043,False,1.0,1.0,0.9970149253731343,0.8552780016116035,0.9989041095890411,0.9168949771689497,0.9970149253731343,0.8826752618855761,1.0,1.0,0.9970149253731343,0.8552780016116035
50,2018,0.6521259301918791,0.03420469226626376,1.1246937879161059,False,1.0,1.0,1.0,0.9811442385173247,1.0,0.9889269406392694,0.999009900990099,0.9843674456083803,1.0,1.0,1.0,0.9811442385173247
51,2023,0.7388117989139098,0.05142517692305823,1.050835951451858,False,1.0,1.0,1.0,0.9929089443996777,1.0,0.9961187214611872,1.0,0.9945205479452055,1.0,1.0,1.0,0.9929089443996777
52,2013,0.7794279969765638,0.025946788494792532,1.4217874757988764,False,1.0,1.0,0.9990049751243781,0.8995970991136181,0.9994520547945206,0.9283105022831051,0.9980099502487563,0.8987912973408542,1.0,1.0,0.9990049751243781,0.8995970991136181
53,2009,12.030388204103904,0.05854899655973286,1.3894981772890644,False,1.0,1.0,1.0,0.8937953263497179,1.0,0.9222602739726027,1.0,0.8902497985495568,1.0,1.0,1.0,0.8937953263497179
54,2024,8.041020539214559,0.07145432864735345,1.231399682796758,False,1.0,1.0,1.0,0.9022822243651559,1.0,0.9258879781420765,1.0,0.8953712632594021,1.0,1.0,1.0,0.9022822243651559
55,2018,3.996949762512691,0.04867263644142475,1.2084446842974426,False,1.0,1.0,0.999009900990099,0.9248992747784045,1.0,0.9648401826484019,1.0,0.9503626107977438,1.0,1.0,0.999009900990099,0.9248992747784045
56,2017,5.51267715172692,0.03964973386475273,1.1897320398634645,False,1.0,1.0,1.0,0.9158742949234489,1.0,0.9636986301369863,1.0,0.948751007252216,1.0,1.0,1.0,0.9158742949234489
57,2009,14.232868900730105,0.048854625698004715,1.1641806025023445,False,1.0,1.0,1.0,0.9371474617244158,1.0,0.9738584474885845,1.0,0.9630942788074134,1.0,1.0,1.0,0.9371474617244158
58,2010,12.728407331604368,0.06826350967682464,1.26636113803287,False,1.0,1.0,1.0,0.9034649476228848,1.0,0.9535388127853881,1.0,0.9344077356970185,1.0,1.0,1.0,0.9034649476228848
59,2006,11.023397434654362,0.061687887729109894,1.430359534162947,False,1.0,1.0,1.0,0.896696212731668,1.0,0.9215753424657535,1.0,0.8892828364222402,1.0,1.0,1.0,0.896696212731668
60,2010,9.215696108128796,0.0635429376962856,1.0422466094117602,False,1.0,1.0,1.0,0.9547139403706688,1.0,0.9860730593607306,1.0,0.9803384367445609,1.0,1.0,1.0,0.9547139403706688
61,2019,14.383203688636206,0.05562092026798124,1.3913120523147735,False,1.0,1.0,1.0,0.8686543110394843,1.0,0.9195205479452054,1.0,0.8863819500402901,1.0,1.0,1.0,0.8686543110394843
62,2007,14.190405942259954,0.05540455372149855,1.0475245987822006,False,1.0,1.0,1.0,0.9842062852538276,1.0,0.9912100456621005,1.0,0.9875906526994359,1.0,1.0,1.0,0.9842062852538276
63,2008,8.474259172086628,0.04795910917887364,1.2613158877565613,False,1.0,1.0,0.9980099502487563,0.8955319832851173,0.9994535519125683,0.9331739526411658,0.9980099502487563,0.9056573449051751,1.0,1.0,0.9980099502487563,0.8955319832851173
64,2008,11.988670747680999,0.05597560649135673,1.465618117845051,False,1.0,1.0,0.9980099502487563,0.8770491803278688,0.9994535519125683,0.9252049180327869,0.9990049751243781,0.8944069431051109,1.0,1.0,0.9980099502487563,0.8770491803278688
65,2020,1.3156351786615261,0.045116498047422765,1.3871607080709216,False,1.0,1.0,0.9990049751243781,0.8868531018964964,0.9994535519125683,0.9339708561020036,0.9980099502487563,0.9067823850851816,1.0,1.0,0.9990049751243781,0.8868531018964964
66,2007,5.004566374923573,0.06575192882423914,1.1352674704550878,False,1.0,1.0,1.0,0.9453666398066076,1.0,0.9833333333333333,1.0,0.9764705882352941,1.0,1.0,1.0,0.9453666398066076
67,2015,2.364174729374995,0.07616764780254465,1.2189520185993765,False,1.0,1.0,0.9950248756218906,0.9416599516518936,0.9989041095890411,0.9761415525114155,0.9980099502487563,0.966317485898469,1.0,1.0,0.9950248756218906,0.9416599516518936
68,2011,10.945285630160669,0.07616839921030773,1.390150746954696,False,1.0,1.0,1.0,0.8765511684125705,1.0,0.9276255707762557,1.0,0.8978243352135374,1.0,1.0,1.0,0.8765511684125705
69,2007,14.79947317386483,0.07707167960023047,1.0592392886085207,False,1.0,1.0,1.0,0.9724415793714746,1.0,0.9829908675799087,1.0,0.9759871071716357,1.0,1.0,1.0,0.9724415793714746
70,2012,9.556108259868113,0.055295479998153235,1.3430481825527245,True,0.9398907103825137,0.9398907103825137,0.9211822660098522,0.7995821279331404,0.9398907103825137,0.8633879781420765,0.9211822660098522,0.8318868531018965,1.0,1.0,0.9211822660098522,0.7995821279331404
71,2021,4.430385380161348,0.04653884762407359,1.150963695721246,False,1.0,1.0,1.0,0.948751007252216,1.0,0.9856164383561644,0.999009900990099,0.9796937953263497,1.0,1.0,1.0,0.948751007252216
72,2019,1.6588261649416576,0.07275200145846471,1.1419542189320195,False,1.0,1.0,1.0,0.9782433521353747,1.0,0.9877853881278539,1.0,0.9827558420628525,1.0,1.0,1.0,0.9782433521353747
73,2020,1.596292978070743,0.05994108416639221,1.3250625077793985,True,0.8961748633879781,0.8961748633879781,0.8706467661691543,0.8019929283188685,0.8956284153005465,0.8534836065573771,0.8696517412935323,0.8359048537447766,1.0,1.0,0.8706467661691543,0.8019929283188685
74,2005,3.6124208706172056,0.06660607644153312,1.099102113606449,False,1.0,1.0,1.0,0.9888799355358582,1.0,0.9938356164383562,1.0,0.9912973408541499,1.0,1.0,1.0,0.9888799355358582
75,2010,0.5424406574204432,0.023099475020863937,1.3029625888238638,False,1.0,1.0,1.0,0.9286059629331185,1.0,0.9694063926940639,1.0,0.956809024979855,1.0,1.0,1.0,0.9286059629331185
76,2018,3.578292309410827,0.023433916409195624,1.4004819268208382,False,1.0,1.0,1.0,0.8844480257856567,1.0,0.9175799086757991,1.0,0.8836422240128928,1.0,1.0,1.0,0.8844480257856567
77,2007,10.471811759679557,0.022409077972823988,1.1008910553595277,False,1.0,1.0,1.0,0.9804995970991136,1.0,0.9881278538812786,1.0,0.9832393231265109,1.0,1.0,1.0,0.9804995970991136
78,2020,7.567964852894798,0.05780071067458392,1.4255655498809676,False,1.0,1.0,0.9980099502487563,0.8389585342333655,0.9994535519125683,0.9092668488160291,0.9990049751243781,0.8719061395049823,1.0,1.0,0.9980099502487563,0.8389585342333655
79,2021,2.8956223630335614,0.06259428183687823,1.4901023924493408,False,1.0,1.0,1.0,0.8676873489121676,1.0,0.9205479452054794,1.0,0.8878323932312651,1.0,1.0,1.0,0.8676873489121676
80,2019,0.8175047248694339,0.022541033094810026,1.4420728556834086,False,1.0,1.0,1.0,0.8975020145044319,1.0,0.9232876712328767,1.0,0.8917002417405319,1.0,1.0,1.0,0.8975020145044319
81,2013,1.3758150873629709,0.07880163077325154,1.229280321229245,False,1.0,1.0,0.9980099502487563,0.9408541498791297,0.9989041095890411,0.9807077625570776,0.9990049751243781,0.9727639000805802,1.0,1.0,0.9980099502487563,0.9408541498791297
82,2008,9.546125131616654,0.02870781527990298,1.4730122267790475,False,1.0,1.0,0.9990049751243781,0.8521375763420123,0.9989071038251366,0.8835382513661202,0.9970149253731343,0.8355834136933462,1.0,1.0,0.9990049751243781,0.8521375763420123
83,2013,10.496639168835992,0.07643566458173111,1.074219494960029,False,1.0,1.0,0.9950248756218906,0.9822723609991942,0.9989041095890411,0.9899543378995433,0.9980099502487563,0.9858178887993554,1.0,1.0,0.9950248756218906,0.9822723609991942
84,2016,6.060515861111489,0.027153051571864678,1.0670473049363827,False,1.0,1.0,1.0,0.9794278367084539,0.9994535519125683,0.995332422586521,0.9980295566502463,0.9934104789456766,1.0,1.0,1.0,0.9794278367084539
85,2006,6.41854820522025,0.05807774704509577,1.2059054482927851,False,1.0,1.0,1.0,0.8991136180499597,1.0,0.9560502283105022,1.0,0.9379532634971797,1.0,1.0,1.0,0.8991136180499597
86,2011,3.2644279004544297,0.03902245467903427,1.0180299171386817,False,1.0,1.0,1.0,0.9945205479452055,1.0,0.9969178082191781,1.0,0.9956486704270749,1.0,1.0,1.0,0.9945205479452055
87,2014,3.3838930230631648,0.05394631402591525,1.3510010905551857,False,1.0,1.0,1.0,0.9050765511684126,1.0,0.9304794520547945,1.0,0.901853344077357,1.0,1.0,1.0,0.9050765511684126
88,2014,9.786495847815473,0.06724593331915724,1.2745721917998396,False,1.0,1.0,1.0,0.8810636583400483,1.0,0.9304794520547945,1.0,0.901853344077357,1.0,1.0,1.0,0.8810636583400483
89,2015,5.4098600167538144,0.06420234130893322,1.4432014433618539,False,1.0,1.0,0.9980099502487563,0.8556003223207092,0.9989041095890411,0.9170091324200913,0.9970149253731343,0.8828364222401289,1.0,1.0,0.9980099502487563,0.8556003223207092
90,2017,7.554493877746488,0.06799222464583018,1.1572253458721007,False,1.0,1.0,1.0,0.9033037872683319,0.9994520547945206,0.9590182648401826,0.998019801980198,0.942143432715552,1.0,1.0,1.0,0.9033037872683319
91,2012,1.7378508650290259,0.07051959266236779,1.027783958453439,False,1.0,1.0,1.0,0.9971070395371263,1.0,0.9986338797814208,1.0,0.9980713596914176,1.0,1.0,1.0,0.9971070395371263
92,2014,5.011950607523187,0.038833602188119355,1.3713462833625427,True,0.9041095890410958,0.9041095890410958,0.875,0.8090249798549557,0.9041095890410958,0.8440639269406393,0.875,0.8193392425463336,1.0,1.0,0.875,0.8090249798549557
93,2022,5.5839235978732225,0.05605042447670486,1.059836277932447,False,1.0,1.0,1.0,0.9927477840451249,1.0,0.9968036529680365,1.0,0.9954875100725221,1.0,1.0,1.0,0.9927477840451249
94,2015,14.931967088754558,0.03865769059524597,1.3438325245830463,False,1.0,1.0,0.9970149253731343,0.8842868654311039,0.9989041095890411,0.91324200913242,0.9960199004975124,0.8775181305398871,1.0,1.0,0.9970149253731343,0.8842868654311039
95,2024,5.817625427454746,0.020643658698540575,1.1045288293011208,False,1.0,1.0,1.0,0.9567663130826101,1.0,0.9899817850637522,1.0,0.985856637737062,1.0,1.0,1.0,0.9567663130826101
96,2014,2.4886030181480043,0.07934798016101632,1.2779847140142242,False,1.0,1.0,1.0,0.9102336825141015,1.0,0.9582191780821918,1.0,0.9410153102336826,1.0,1.0,1.0,0.9102336825141015
97,2008,14.854824964894089,0.046894736795261065,1.19628635792096,True,0.9098360655737705,0.9098360655737705,0.9432835820895522,0.837833494053359,0.9092896174863389,0.8783014571948998,0.9422885572139303,0.865316618450659,1.0,1.0,0.9432835820895522,0.837833494053359
98,2013,7.039904012856019,0.030855599133852087,1.4535518110781074,True,0.958904109589041,0.958904109589041,0.9492537313432836,0.8016116035455279,0.9578082191780822,0.8702054794520548,0.9492537313432836,0.833682514101531,1.0,1.0,0.9492537313432836,0.8016116035455279
99,2010,7.352963136023797,0.04959739855103999,1.042057667278441,False,1.0,1.0,1.0,0.9751813053988718,1.0,0.9952054794520548,1.0,0.9932312651087832,1.0,1.0,1.0,0.9751813053988718
100,2021,9.563830507176887,0.0602121953210813,1.3814515095197646,True,0.947945205479452,0.947945205479452,0.9356435643564357,0.7864625302175665,0.947945205479452,0.8518264840182649,0.9346534653465347,0.8122481869460113,1.0,1.0,0.9356435643564357,0.7864625302175665
101,2019,5.07684724945989,0.04895435051523764,1.3843137947296895,False,1.0,1.0,1.0,0.881385979049154,1.0,0.9285388127853881,1.0,0.8991136180499597,1.0,1.0,1.0,0.881385979049154
102,2015,7.5718722435524715,0.055227436432218835,1.425137149416861,False,1.0,1.0,0.9970149253731343,0.8396454472199839,0.9989041095890411,0.9082191780821918,0.9980099502487563,0.8704270749395648,1.0,1.0,0.9970149253731343,0.8396454472199839
103,2016,7.971165615068665,0.04391315040209244,1.458668836275838,False,1.0,1.0,0.9990147783251232,0.8270652523304404,0.9994535519125683,0.899476320582878,0.9990147783251232,0.8580842172934747,1.0,1.0,0.9990147783251232,0.8270652523304404
104,2014,2.6625987365545125,0.03149618057976199,1.0124115658992863,False,1.0,1.0,1.0,0.9979049153908138,1.0,0.9992009132420091,1.0,0.9988718775181306,1.0,1.0,1.0,0.9979049153908138
105,2018,4.613026086311792,0.020438867377580938,1.139011053300407,False,1.0,1.0,1.0,0.9477840451248992,0.9994520547945206,0.9824200913242009,1.0,0.9751813053988718,1.0,1.0,1.0,0.9477840451248992
106,2013,9.506546596038945,0.05722146257948264,1.2387529368138663,False,1.0,1.0,0.9970149253731343,0.8844480257856567,0.9989041095890411,0.9302511415525114,0.9970149253731343,0.9015310233682514,1.0,1.0,0.9970149253731343,0.8844480257856567
107,2018,10.810439200775274,0.06692031024429063,1.4334007191309632,False,1.0,1.0,1.0,0.8717163577759871,0.9994520547945206,0.9059360730593607,1.0,0.8680096696212731,1.0,1.0,1.0,0.8717163577759871
108,2023,10.986202544906815,0.05318622814467651,1.3270512047411784,False,1.0,1.0,1.0,0.8936341659951652,1.0,0.9470319634703196,0.999009900990099,0.92522159548751,1.0,1.0,1.0,0.8936341659951652
109,2007,4.3234236823185785,0.06499901227611611,1.1732464306565245,False,1.0,1.0,1.0,0.9400483481063658,1.0,0.9734018264840183,1.0,0.9624496373892023,1.0,1.0,1.0,0.9400483481063658
110,2024,0.6142044042857964,0.04938198450901435,1.492770084747463,False,1.0,1.0,1.0,0.8849244615879138,1.0,0.9215619307832422,1.0,0.8892639022822244,1.0,1.0,1.0,0.8849244615879138
111,2011,6.173640032910898,0.025089156338709923,1.277730855068882,False,1.0,1.0,1.0,0.9079774375503626,1.0,0.9284246575342465,1.0,0.8989524576954069,1.0,1.0,1.0,0.9079774375503626
112,2024,13.87052500829833,0.022218243632070454,1.1863511706533671,True,0.9726775956284153,0.9726775956284153,0.9900990099009901,0.9037287045965927,0.9726775956284153,0.9379553734061931,0.9900990099009901,0.9236579877852781,1.0,1.0,0.9900990099009901,0.9037287045965927
113,2018,10.698872944675472,0.07192739288333977,1.3697157342382549,False,1.0,1.0,1.0,0.866720386784851,1.0,0.9251141552511416,0.999009900990099,0.8942788074133763,1.0,1.0,1.0,0.866720386784851
114,2012,3.5180272566194786,0.07148751827748939,1.0022500624698296,False,1.0,1.0,1.0,0.9967855994856959,1.0,0.9984061930783242,1.0,0.9977499196399872,1.0,1.0,1.0,0.9967855994856959
115,2005,10.159310990465958,0.044081333453203274,1.4478174406918485,False,1.0,1.0,1.0,0.8946011281224818,1.0,0.921689497716895,1.0,0.8894439967767929,1.0,1.0,1.0,0.8946011281224818
116,2010,12.79171694447869,0.07120068026864357,1.1494718255594527,False,1.0,1.0,1.0,0.9629331184528606,1.0,0.9871004566210045,1.0,0.9817888799355359,1.0,1.0,1.0,0.9629331184528606
117,2009,5.954101016217511,0.07319345373031215,1.0937968409697456,True,0.9506849315068493,0.9506849315068493,0.9402985074626866,0.9219983883964544,0.9506849315068493,0.9449771689497717,0.9402985074626866,0.9426269137792103,1.0,1.0,0.9402985074626866,0.9219983883964544
118,2019,12.111474089644226,0.03778172342066989,1.2039709755656411,False,1.0,1.0,1.0,0.9276390008058018,1.0,0.9689497716894977,0.9990049751243781,0.9561643835616438,1.0,1.0,1.0,0.9276390008058018
119,2007,14.963700558943758,0.0557127704248023,1.1961845464608971,False,1.0,1.0,1.0,0.9023368251410153,1.0,0.9504566210045662,0.999009900990099,0.9300564061240935,1.0,1.0,1.0,0.9023368251410153
120,2016,7.453748941955242,0.04192270779194801,1.0335833344238834,False,1.0,1.0,0.9990147783251232,0.9810350369656059,0.9994535519125683,0.9964708561020036,0.9980295566502463,0.9950176792028287,1.0,1.0,0.9990147783251232,0.9810350369656059
121,2016,6.799198747502452,0.04059754774273447,1.2101908857526387,False,1.0,1.0,0.9980295566502463,0.8945676631308261,0.9994535519125683,0.9499089253187614,0.9990147783251232,0.9292831886853102,1.0,1.0,0.9980295566502463,0.8945676631308261
122,2005,11.279446823623733,0.03707245250670951,1.4484983993864975,False,1.0,1.0,1.0,0.8858984689766317,1.0,0.9162100456621004,1.0,0.8817082997582595,1.0,1.0,1.0,0.8858984689766317
123,2016,13.635972216344229,0.0645390769650786,1.2953723970818831,False,1.0,1.0,0.9990147783251232,0.8855673416907747,0.9994535519125683,0.9396630236794171,0.9980295566502463,0.9148183863709418,1.0,1.0,0.9990147783251232,0.8855673416907747
124,2011,4.490749372722384,0.03934954083011992,1.0777207820417112,False,1.0,1.0,1.0,0.9896857373086221,1.0,0.9939497716894977,1.0,0.9914585012087027,1.0,1.0,1.0,0.9896857373086221
125,2005,8.42234091621577,0.06702944656254281,1.2191931292920963,False,1.0,1.0,1.0,0.9057211925866236,1.0,0.9275114155251142,1.0,0.8976631748589847,1.0,1.0,1.0,0.9057211925866236
126,2010,14.920526234025372,0.06887830658707296,1.451276984609616,False,1.0,1.0,1.0,0.8507655116841257,1.0,0.9125570776255708,1.0,0.8765511684125705,1.0,1.0,1.0,0.8507655116841257
127,2014,8.432561006063583,0.05917532759383991,1.4776747140939055,False,1.0,1.0,1.0,0.8357775987107172,1.0,0.8909817351598174,1.0,0.8460918614020951,1.0,1.0,1.0,0.8357775987107172
128,2008,6.4945873930165074,0.07758647133975322,1.0515013420650794,True,0.9590163934426229,0.9590163934426229,0.9532338308457712,0.9416586306653809,0.9584699453551913,0.9542349726775956,0.9522388059701492,0.9522661523625844,1.0,1.0,0.9532338308457712,0.9416586306653809
129,2006,6.826767636176435,0.03875419694171504,1.025480241287443,False,1.0,1.0,1.0,0.9929089443996777,1.0,0.9958904109589041,1.0,0.9941982272361,1.0,1.0,1.0,0.9929089443996777
130,2017,0.9079267623980419,0.03242123249148872,1.1510357843918193,False,1.0,1.0,1.0,0.9827558420628525,0.9994520547945206,0.9894977168949771,0.999009900990099,0.9851732473811442,1.0,1.0,1.0,0.9827558420628525
131,2012,6.249144496037219,0.026724222259921854,1.4313822818704391,True,0.9344262295081968,0.9344262295081968,0.9113300492610837,0.8029572484731597,0.9344262295081968,0.861908014571949,0.9113300492610837,0.8320475731276117,1.0,1.0,0.9113300492610837,0.8029572484731597
132,2014,4.9964124151595675,0.06683486825159506,1.4206018531074782,False,1.0,1.0,1.0,0.8773569701853344,1.0,0.9276255707762557,1.0,0.8978243352135374,1.0,1.0,1.0,0.8773569701853344
133,2009,3.637242795424991,0.06099550145952877,1.1141264377317102,False,1.0,1.0,1.0,0.9840451248992748,1.0,0.9949771689497717,1.0,0.9929089443996777,1.0,1.0,1.0,0.9840451248992748
134,2011,13.955769263837258,0.04764617631437397,1.3557790207983889,False,1.0,1.0,1.0,0.901047542304593,1.0,0.9215753424657535,1.0,0.8892828364222402,1.0,1.0,1.0,0.901047542304593
135,2017,2.0730805745779612,0.020555586909267405,1.094160987405676,True,0.9726027397260274,0.9726027397260274,1.0,0.9605157131345688,0.9726027397260274,0.9656392694063927,0.999009900990099,0.9627719580983078,1.0,1.0,1.0,0.9605157131345688
136,2019,3.6245836310862867,0.055411722965967566,1.4247176665448895,True,0.9013698630136986,0.9013698630136986,0.8706467661691543,0.7951651893634166,0.9013698630136986,0.8355022831050228,0.8706467661691543,0.8083803384367445,1.0,1.0,0.8706467661691543,0.7951651893634166
137,2015,2.441152291574364,0.07132949250743514,1.1271317418770788,False,1.0,1.0,0.9960199004975124,0.9832393231265109,0.9994520547945206,0.9905251141552511,0.9980099502487563,0.9866236905721193,1.0,1.0,0.9960199004975124,0.9832393231265109
138,2017,6.816861454479867,0.07907897201705862,1.1807680393195996,False,1.0,1.0,1.0,0.9000805801772764,1.0,0.9563926940639269,1.0,0.938436744560838,1.0,1.0,1.0,0.9000805801772764
139,2007,11.988202833622365,0.032981341713524084,1.2070130468946183,False,1.0,1.0,1.0,0.9358581788879936,1.0,0.9745433789954338,1.0,0.96406124093473,1.0,1.0,1.0,0.9358581788879936
140,2011,1.1716258962054582,0.04078871932443086,1.0095170739087433,False,1.0,1.0,1.0,0.9967767929089444,1.0,0.9981735159817352,1.0,0.9974214343271555,1.0,1.0,1.0,0.9967767929089444
141,2018,10.621368535253819,0.039029190267798726,1.4450097285588477,False,1.0,1.0,0.999009900990099,0.8781627719580983,0.9989041095890411,0.9095890410958904,1.0,0.8723609991941982,1.0,1.0,0.999009900990099,0.8781627719580983
142,2019,1.8903951261993979,0.061585725615782086,1.086471968221039,False,1.0,1.0,1.0,0.9877518130539887,1.0,0.9929223744292237,1.0,0.9900080580177276,1.0,1.0,1.0,0.9877518130539887
143,2007,0.06011407100009247,0.07958507491583039,1.2923194170670826,False,1.0,1.0,1.0,0.9305398871877518,1.0,0.9647260273972603,1.0,0.9502014504431909,1.0,1.0,1.0,0.9305398871877518
144,2024,13.459532996311404,0.05217202478668251,1.3108960149303783,False,1.0,1.0,1.0,0.874799099967856,1.0,0.9266848816029144,1.0,0.8964963034394086,1.0,1.0,1.0,0.874799099967856
145,2019,8.918514133362965,0.059817262799621115,1.4181225884213007,True,0.9260273972602739,0.9260273972602739,0.9552238805970149,0.7666398066075746,0.9260273972602739,0.8308219178082191,0.9552238805970149,0.7916196615632555,1.0,1.0,0.9552238805970149,0.7666398066075746
146,2008,13.108327468557022,0.05664620799412509,1.2767704200448058,False,1.0,1.0,0.9970149253731343,0.9006750241080038,0.9994535519125683,0.9526411657559198,0.9960199004975124,0.9331404693024751,1.0,1.0,0.9970149253731343,0.9006750241080038
147,2009,10.16431145399691,0.05401626771916321,1.379211118592377,False,1.0,1.0,1.0,0.8858984689766317,1.0,0.9401826484018265,1.0,0.9155519742143433,1.0,1.0,1.0,0.8858984689766317
148,2007,7.718745778282964,0.0677617133786227,1.260115033522997,False,1.0,1.0,1.0,0.9037872683319903,1.0,0.9235159817351598,1.0,0.8920225624496374,1.0,1.0,1.0,0.9037872683319903
149,2013,1.411079446340937,0.04370043440243339,1.3412907991046101,False,1.0,1.0,0.9980099502487563,0.8897663174858985,0.9989041095890411,0.9474885844748858,0.9970149253731343,0.9258662369057212,1.0,1.0,0.9980099502487563,0.8897663174858985
150,2012,2.676626427327464,0.07153897163346283,1.4562913720709656,False,1.0,1.0,1.0,0.8846030215364834,1.0,0.9301001821493625,1.0,0.9013179042108647,1.0,1.0,1.0,0.8846030215364834
151,2024,7.047013322622418,0.0727019440286481,1.1895263475186526,False,1.0,1.0,1.0,0.8936033429765349,1.0,0.9522996357012751,1.0,0.9326583092253294,1.0,1.0,1.0,0.8936033429765349
152,2006,10.96703964979193,0.054196029118491584,1.0523075484023876,False,1.0,1.0,1.0,0.9898468976631749,1.0,0.9942922374429224,1.0,0.991941982272361,1.0,1.0,1.0,0.9898468976631749
153,2019,12.983588089815422,0.02599174862964377,1.1021986835407147,False,1.0,1.0,1.0,0.971474617244158,1.0,0.9831050228310503,1.0,0.9761482675261886,1.0,1.0,1.0,0.971474617244158
154,2014,14.688369505609195,0.06315875202144941,1.4437855442440217,False,1.0,1.0,1.0,0.8596293311845286,1.0,0.9157534246575343,1.0,0.8810636583400483,1.0,1.0,1.0,0.8596293311845286
155,2005,4.78698732899499,0.05485936242488304,1.2045699888123986,False,1.0,1.0,1.0,0.9170024174053183,1.0,0.963013698630137,1.0,0.9477840451248992,1.0,1.0,1.0,0.9170024174053183
156,2016,7.014603849398947,0.04263235897298023,1.1970534912965594,False,1.0,1.0,0.9980295566502463,0.9009964641594342,0.9994535519125683,0.9563979963570127,0.9990147783251232,0.9384442301510768,1.0,1.0,0.9980295566502463,0.9009964641594342
157,2023,2.4430725083183233,0.04036866525253416,1.4774491959279037,False,1.0,1.0,1.0,0.8780016116035455,1.0,0.9286529680365296,1.0,0.8992747784045125,1.0,1.0,1.0,0.8780016116035455
158,2008,11.30256844500387,0.03668680141228927,1.101044050822739,False,1.0,1.0,0.9980099502487563,0.983445837351334,0.9994535519125683,0.9907786885245902,0.9980099502487563,0.9869816779170685,1.0,1.0,0.9980099502487563,0.983445837351334
159,2006,7.830184520497685,0.03556639039127205,1.0225865584947131,False,1.0,1.0,1.0,0.9808219178082191,1.0,0.9958904109589041,1.0,0.9941982272361,1.0,1.0,1.0,0.9808219178082191
160,2006,9.787788011289948,0.02664152444177697,1.1262181452747937,False,1.0,1.0,1.0,0.8958904109589041,1.0,0.9503424657534246,1.0,0.9298952457695407,1.0,1.0,1.0,0.8958904109589041
161,2024,11.472053289108516,0.0740985112139863,1.492284304125377,False,1.0,1.0,1.0,0.8609771777563484,1.0,0.9092668488160291,1.0,0.8719061395049823,1.0,1.0,1.0,0.8609771777563484
162,2012,1.0773321075432656,0.03826799158856198,1.2764491270322307,True,0.9016393442622951,0.9016393442622951,0.9261083743842364,0.8439408550305368,0.9016393442622951,0.875,0.9261083743842364,0.8640308582449373,1.0,1.0,0.9261083743842364,0.8439408550305368
163,2019,8.135466034533074,0.03519532846401184,1.0801560124911291,False,1.0,1.0,1.0,0.9485898468976631,1.0,0.9788812785388128,1.0,0.9701853344077357,1.0,1.0,1.0,0.9485898468976631
164,2017,8.763417900918272,0.03776197177460154,1.1856263185441387,False,1.0,1.0,1.0,0.9023368251410153,1.0,0.9339041095890411,1.0,0.9066881547139404,1.0,1.0,1.0,0.9023368251410153
165,2007,11.585294815118521,0.07649233140428593,1.0603276687218433,False,1.0,1.0,1.0,0.9845286059629331,1.0,0.9917808219178083,1.0,0.9883964544721998,1.0,1.0,1.0,0.9845286059629331
166,2020,1.5059346847471393,0.07078871216407742,1.0897460361730438,False,1.0,1.0,0.9990049751243781,0.9898746383799422,0.9994535519125683,0.9947632058287796,0.9990049751243781,0.9926068788171006,1.0,1.0,0.9990049751243781,0.9898746383799422
167,2006,3.6788845953481446,0.07108007896413222,1.4372875699277858,False,1.0,1.0,1.0,0.88058017727639,1.0,0.9304794520547945,1.0,0.901853344077357,1.0,1.0,1.0,0.88058017727639
168,2013,7.962755914317217,0.03468779009300872,1.080627031425962,False,1.0,1.0,0.9980099502487563,0.9448831587429493,0.9989041095890411,0.9803652968036529,0.9970149253731343,0.9722804190169219,1.0,1.0,0.9980099502487563,0.9448831587429493
169,2006,11.660380699915384,0.049436474930712314,1.2648728330912489,False,1.0,1.0,1.0,0.9210314262691378,1.0,0.9609589041095891,1.0,0.9448831587429493,1.0,1.0,1.0,0.9210314262691378
170,2022,6.518446270465355,0.02753983117211216,1.4761248579228416,False,1.0,1.0,1.0,0.8419016921837228,1.0,0.9091324200913242,0.999009900990099,0.8717163577759871,1.0,1.0,1.0,0.8419016921837228
171,2021,2.45365316565165,0.03246303520109235,1.1265923030633007,True,0.9698630136986301,0.9698630136986301,1.0,0.9543916196615633,0.9698630136986301,0.9618721461187215,0.999009900990099,0.9585817888799355,1.0,1.0,1.0,0.9543916196615633
172,2008,4.822994872234975,0.04790084791935638,1.200225622622639,False,1.0,1.0,0.9980099502487563,0.9222115075538412,0.9994535519125683,0.967896174863388,0.9970149253731343,0.9546769527483124,1.0,1.0,0.9980099502487563,0.9222115075538412
173,2023,2.808584169230123,0.06909847212223177,1.3708073163657577,False,1.0,1.0,0.999009900990099,0.8991136180499597,1.0,0.9255707762557077,1.0,0.8949234488315875,1.0,1.0,0.999009900990099,0.8991136180499597
174,2021,13.809987874103518,0.023006401381816026,1.1712018384053144,False,1.0,1.0,1.0,0.9390813859790491,1.0,0.977054794520548,1.0,0.9676067687348913,1.0,1.0,1.0,0.9390813859790491
175,2008,9.340631174823123,0.06761812303174264,1.1059773055402713,False,1.0,1.0,0.9980099502487563,0.9119254259080681,0.9994535519125683,0.963228597449909,0.9980099502487563,0.9480874316939891,1.0,1.0,0.9980099502487563,0.9119254259080681
176,2015,9.585204738962469,0.07960210990467068,1.1404481929820776,True,0.936986301369863,0.936986301369863,0.9164179104477612,0.834488315874295,0.9358904109589041,0.8860730593607306,0.9174129353233831,0.8651087832393232,1.0,1.0,0.9164179104477612,0.834488315874295
177,2020,2.2849006523636355,0.043575643494214,1.4609262250774975,False,1.0,1.0,0.9990049751243781,0.8854066216650595,1.0,0.9312386156648452,0.9990049751243781,0.9029251044680168,1.0,1.0,0.9990049751243781,0.8854066216650595
178,2007,10.892701925758516,0.05959707806775673,1.2998476783579953,False,1.0,1.0,1.0,0.9023368251410153,1.0,0.9487442922374429,1.0,0.9276390008058018,1.0,1.0,1.0,0.9023368251410153
179,2017,5.140704641324338,0.060685643652789695,1.4230037806539544,True,0.9397260273972603,0.9397260273972603,0.9702970297029703,0.8162771958098308,0.9391780821917808,0.8667808219178083,0.9683168316831683,0.8367445608380338,1.0,1.0,0.9702970297029703,0.8162771958098308
180,2010,11.244279283843014,0.05188482869583462,1.3299978594005757,False,1.0,1.0,1.0,0.8899274778404512,1.0,0.9444063926940639,0.999009900990099,0.9215149073327962,1.0,1.0,1.0,0.8899274778404512
181,2022,14.213033994989885,0.06431064276119772,1.201570102059541,False,1.0,1.0,1.0,0.9307010475423045,1.0,0.9676940639269407,1.0,0.9543916196615633,1.0,1.0,1.0,0.9307010475423045
182,2007,7.6340122762703135,0.04515805927566861,1.3235358990716626,False,1.0,1.0,1.0,0.8781627719580983,1.0,0.9287671232876712,1.0,0.8994359387590652,1.0,1.0,1.0,0.8781627719580983
183,2019,6.122350023465196,0.027548421098737116,1.0458618395295034,False,1.0,1.0,1.0,0.9866236905721193,1.0,0.9928082191780822,1.0,0.9898468976631749,1.0,1.0,1.0,0.9866236905721193
184,2007,9.94364571315143,0.03959281056030679,1.0989049236295985,False,1.0,1.0,1.0,0.9070104754230459,1.0,0.9622146118721461,1.0,0.9466559226430298,1.0,1.0,1.0,0.9070104754230459
185,2018,12.909456020941953,0.060070949530879186,1.0646814017291373,False,1.0,1.0,0.998019801980198,0.9748589846897663,1.0,0.9859589041095891,1.0,0.9801772763900081,1.0,1.0,0.998019801980198,0.9748589846897663
186,2020,4.252811498988438,0.07461961461111515,1.101261203962093,False,1.0,1.0,1.0,0.9771777563484411,0.9994535519125683,0.9906648451730419,0.9980099502487563,0.9868209578913533,1.0,1.0,1.0,0.9771777563484411
187,2007,10.520866518651484,0.05660362897323043,1.1275534655136903,False,1.0,1.0,1.0,0.9700241740531829,1.0,0.9824200913242009,1.0,0.9751813053988718,1.0,1.0,1.0,0.9700241740531829
188,2006,14.641925860375617,0.06112566324566085,1.0116137911733794,False,1.0,1.0,1.0,0.9911361804995971,1.0,0.9948630136986302,1.0,0.9927477840451249,1.0,1.0,1.0,0.9911361804995971
189,2011,13.126614199837675,0.04663657318375858,1.4679687497178628,False,1.0,1.0,1.0,0.8652699435938759,1.0,0.9190639269406393,1.0,0.885737308622079,1.0,1.0,1.0,0.8652699435938759
190,2011,8.168226030620094,0.05793215000689174,1.1670556334793778,False,1.0,1.0,1.0,0.8933118452860597,1.0,0.9503424657534246,1.0,0.9298952457695407,1.0,1.0,1.0,0.8933118452860597
191,2011,13.690077528833042,0.07059937314571874,1.4891022153822806,False,1.0,1.0,1.0,0.8460918614020951,1.0,0.9051369863013699,1.0,0.8660757453666398,1.0,1.0,1.0,0.8460918614020951
192,2024,11.43885137943961,0.0473871316708563,1.1201131380745015,False,1.0,1.0,1.0,0.9784635165541626,1.0,0.988615664845173,1.0,0.9839279974284796,1.0,1.0,1.0,0.9784635165541626
193,2020,4.339802041535018,0.05515768244576329,1.2049911941125215,False,1.0,1.0,1.0,0.929926068788171,0.9994535519125683,0.9668715846994536,0.9980099502487563,0.9532304725168756,1.0,1.0,1.0,0.929926068788171
194,2018,12.90854878941564,0.020450421967999993,1.1680649842646869,False,1.0,1.0,1.0,0.9468170829975826,1.0,0.9779680365296803,0.999009900990099,0.9688960515713134,1.0,1.0,1.0,0.9468170829975826
195,2021,12.587607993514867,0.06646015407098307,1.0578520836547147,False,1.0,1.0,1.0,0.9861402095084609,0.9994520547945206,0.9916666666666667,0.999009900990099,0.9882352941176471,1.0,1.0,1.0,0.9861402095084609
196,2014,2.8888623484636473,0.045368019952807606,1.3098342629849307,False,1.0,1.0,1.0,0.8946011281224818,1.0,0.9506849315068493,1.0,0.930378726833199,1.0,1.0,1.0,0.8946011281224818
197,2024,14.712317182995513,0.02827985104087432,1.395368986947997,False,1.0,1.0,1.0,0.8801028608164577,1.0,0.9280510018214936,1.0,0.898424943747991,1.0,1.0,1.0,0.8801028608164577
198,2014,9.951798858436302,0.06995175709544042,1.088178190004038,False,1.0,1.0,1.0,0.9139403706688155,1.0,0.9662100456621004,1.0,0.9522965350523771,1.0,1.0,1.0,0.9139403706688155
199,2022,8.28277392838995,0.06116977493690902,1.3263433674346277,False,1.0,1.0,1.0,0.878323932312651,1.0,0.9308219178082192,1.0,0.9023368251410153,1.0,1.0,1.0,0.878323932312651
200,2005,7.746891039534614,0.0636705979381231,1.4883320391082946,False,1.0,1.0,1.0,0.8286865431103948,1.0,0.8920091324200913,1.0,0.8475423045930701,1.0,1.0,1.0,0.8286865431103948
201,2024,6.918133287563607,0.02308514927341576,1.3361322156117224,False,1.0,1.0,1.0,0.8849244615879138,1.0,0.9321493624772313,1.0,0.9042108646737383,1.0,1.0,1.0,0.8849244615879138
202,2011,12.48180112922979,0.044999959882392804,1.1607728411204499,False,1.0,1.0,1.0,0.9540692989524577,1.0,0.9813926940639269,1.0,0.9737308622078968,1.0,1.0,1.0,0.9540692989524577
203,2020,12.020841507640846,0.07358186117217819,1.071954348039279,False,1.0,1.0,0.9990049751243781,0.9823207971713276,0.9994535519125683,0.9895264116575592,0.9980099502487563,0.9852137576342013,1.0,1.0,0.9990049751243781,0.9823207971713276
204,2023,2.3028828308192084,0.024051108811244903,1.026403550700055,True,0.9397260273972603,0.9397260273972603,0.9207920792079208,0.9353746978243352,0.9397260273972603,0.9373287671232877,0.9207920792079208,0.9363416599516519,1.0,1.0,0.9207920792079208,0.9353746978243352
205,2022,0.522575254198735,0.0693876390449712,1.0840004242889356,False,1.0,1.0,1.0,0.9956486704270749,1.0,0.9978310502283105,1.0,0.9969379532634972,1.0,1.0,1.0,0.9956486704270749
206,2020,12.912014604308041,0.05233650597585121,1.40959993964699,True,0.9453551912568307,0.9453551912568307,0.9800995024875622,0.8302796528447445,0.9448087431693989,0.8625910746812386,0.9781094527363184,0.8285117325618772,1.0,1.0,0.9800995024875622,0.8302796528447445
207,2019,3.8617793898594504,0.05025071626344883,1.3751329939741166,False,1.0,1.0,1.0,0.8942788074133763,1.0,0.920662100456621,1.0,0.8879935535858179,1.0,1.0,1.0,0.8942788074133763
208,2011,3.2878382471794847,0.06508944863428376,1.0594551740169802,True,0.9643835616438357,0.9643835616438357,0.9554455445544554,0.9561643835616438,0.9643835616438357,0.9598173515981735,0.9554455445544554,0.9579371474617244,1.0,1.0,0.9554455445544554,0.9561643835616438
209,2008,12.346614342103496,0.07942330744162894,1.0686056288953063,False,1.0,1.0,0.9970149253731343,0.9874638379942141,0.9989071038251366,0.993283242258652,0.9980099502487563,0.990517518482803,1.0,1.0,0.9970149253731343,0.9874638379942141
210,2008,6.730942608018759,0.07250505194324494,1.4877978229142,False,1.0,1.0,0.9970149253731343,0.8280295724847316,0.9994535519125683,0.8998178506375227,0.9990049751243781,0.8585663773706204,1.0,1.0,0.9970149253731343,0.8280295724847316
211,2014,3.3119688181340106,0.037345014898291506,1.3673625653902899,False,1.0,1.0,1.0,0.9081385979049154,1.0,0.9275114155251142,1.0,0.8976631748589847,1.0,1.0,1.0,0.9081385979049154
212,2008,8.263631527356043,0.06263196630456067,1.013288882498646,True,0.9234972677595629,0.9234972677595629,0.8985074626865671,0.9037287045965927,0.9229508196721311,0.9186020036429873,0.8975124378109453,0.916586306653809,1.0,1.0,0.8985074626865671,0.9037287045965927
213,2014,3.902769830144871,0.06547461912397164,1.413305742328965,False,1.0,1.0,1.0,0.8865431103948429,1.0,0.9305936073059361,1.0,0.9020145044319098,1.0,1.0,1.0,0.8865431103948429
214,2008,4.060451422426605,0.03888497711386286,1.2820475685236115,False,1.0,1.0,0.9980099502487563,0.8947283831565414,0.9994535519125683,0.948884335154827,0.9990049751243781,0.9278367084538733,1.0,1.0,0.9980099502487563,0.8947283831565414
215,2012,0.9911881637909226,0.03273662833044458,1.4472557488593905,False,1.0,1.0,1.0,0.9019607843137255,1.0,0.9239526411657559,1.0,0.8926390228222436,1.0,1.0,1.0,0.9019607843137255
216,2020,13.353959427354281,0.04856550540071964,1.4677709719213277,True,0.9617486338797814,0.9617486338797814,0.9492537313432836,0.8320475731276117,0.9612021857923497,0.8818306010928961,0.9492537313432836,0.8489231758277082,1.0,1.0,0.9492537313432836,0.8320475731276117
217,2014,2.9322976437300614,0.03284553736020321,1.0495784852994072,False,1.0,1.0,1.0,0.9959709911361805,1.0,0.9980593607305936,1.0,0.9972602739726028,1.0,1.0,1.0,0.9959709911361805
218,2016,6.341010514080933,0.028081521495400837,1.4301409431094705,False,1.0,1.0,1.0,0.8584056573449051,0.9994535519125683,0.9220173041894353,0.9980295566502463,0.8899067823850851,1.0,1.0,1.0,0.8584056573449051
219,2011,0.8290561425184145,0.03588843063929478,1.3052425336708944,False,1.0,1.0,1.0,0.9182917002417406,1.0,0.9631278538812785,1.0,0.947945205479452,1.0,1.0,1.0,0.9182917002417406
220,2012,13.325481795942608,0.025989863430607413,1.0537014781442886,False,1.0,1.0,1.0,0.9853744776599164,1.0,0.9923724954462659,1.0,0.9892317582770813,1.0,1.0,1.0,0.9853744776599164
221,2014,1.8295344631443433,0.06525629089627355,1.409904429119012,False,1.0,1.0,1.0,0.9050765511684126,1.0,0.9243150684931507,1.0,0.8931506849315068,1.0,1.0,1.0,0.9050765511684126
222,2017,14.950158172787301,0.0440758978511668,1.161968334468818,False,1.0,1.0,1.0,0.938436744560838,1.0,0.9722602739726027,1.0,0.9608380338436745,1.0,1.0,1.0,0.938436744560838
223,2006,12.092864481670878,0.07871804863402633,1.2493197734381576,False,1.0,1.0,1.0,0.9279613215149073,1.0,0.9650684931506849,1.0,0.9506849315068493,1.0,1.0,1.0,0.9279613215149073
224,2016,14.563270928186068,0.04385150147329958,1.2923763514024684,False,1.0,1.0,1.0,0.8895853423336548,0.9994535519125683,0.9357923497267759,0.9980295566502463,0.9093539054966249,1.0,1.0,1.0,0.8895853423336548
225,2018,2.898124836676958,0.07196867637986121,1.294665583063738,False,1.0,1.0,1.0,0.8894439967767929,1.0,0.9458904109589041,0.999009900990099,0.9236099919419822,1.0,1.0,1.0,0.8894439967767929
226,2011,6.1300406605006925,0.05798895092868256,1.4633846957444967,False,1.0,1.0,1.0,0.8441579371474617,1.0,0.911986301369863,1.0,0.8757453666398066,1.0,1.0,1.0,0.8441579371474617
227,2019,4.9389368939665435,0.054076053825709555,1.2309089557248742,False,1.0,1.0,1.0,0.901853344077357,1.0,0.9559360730593607,1.0,0.937792103142627,1.0,1.0,1.0,0.901853344077357
228,2012,8.315985350696455,0.040743848345757956,1.1892963937798655,True,0.9672131147540983,0.9672131147540983,0.9802955665024631,0.8680488588878175,0.9672131147540983,0.9110883424408015,0.9802955665024631,0.8879781420765027,1.0,1.0,0.9802955665024631,0.8680488588878175
229,2019,5.836450672831201,0.05376034463449143,1.3777697712367136,False,1.0,1.0,1.0,0.8809024979854956,1.0,0.9286529680365296,1.0,0.8992747784045125,1.0,1.0,1.0,0.8809024979854956
230,2015,13.912572894375744,0.06013685953949477,1.0262879951615278,False,1.0,1.0,0.9970149253731343,0.9843674456083803,0.9994520547945206,0.9915525114155251,0.9990049751243781,0.9880741337630943,1.0,1.0,0.9970149253731343,0.9843674456083803
231,2021,5.887271013974157,0.054738651485014556,1.0023093994216639,True,0.9178082191780822,0.9178082191780822,0.900990099009901,0.9087832393231265,0.9178082191780822,0.9135844748858447,0.900990099009901,0.9118452860596293,1.0,1.0,0.900990099009901,0.9087832393231265
232,2016,0.39798655809111516,0.0711287202241509,1.248208741219654,False,1.0,1.0,0.9980295566502463,0.9551591128254581,0.9994535519125683,0.9890710382513661,0.9990147783251232,0.9845708775313404,1.0,1.0,0.9980295566502463,0.9551591128254581
233,2014,11.79974568740399,0.07272581718695237,1.1865302937790265,False,1.0,1.0,1.0,0.9539081385979049,1.0,0.9832191780821918,1.0,0.9763094278807414,1.0,1.0,1.0,0.9539081385979049
234,2005,4.055126822989913,0.06649447420287968,1.2482952394231408,False,1.0,1.0,1.0,0.9053988718775181,1.0,0.9592465753424657,1.0,0.9424657534246575,1.0,1.0,1.0,0.9053988718775181
235,2009,14.453698683332306,0.03125655756590202,1.29713634715079,False,1.0,1.0,1.0,0.8850926672038678,1.0,0.9321917808219178,0.9990049751243781,0.9042707493956487,1.0,1.0,1.0,0.8850926672038678
236,2024,5.616959046734066,0.0686577741343953,1.240881775681086,False,1.0,1.0,1.0,0.8915139826422372,1.0,0.9472905282331512,1.0,0.9255866280938605,1.0,1.0,1.0,0.8915139826422372
237,2017,9.108171457411082,0.042199062070831864,1.2088096463270228,False,1.0,1.0,1.0,0.9065269943593876,1.0,0.9263698630136986,0.999009900990099,0.8960515713134569,1.0,1.0,1.0,0.9065269943593876
238,2024,11.921258376263577,0.03706382807440453,1.151898309204972,False,1.0,1.0,1.0,0.9631951141112183,1.0,0.9805327868852459,1.0,0.9725168756027001,1.0,1.0,1.0,0.9631951141112183
239,2006,7.806861656508415,0.061407606174707585,1.0816958500747273,False,1.0,1.0,1.0,0.9500402900886382,1.0,0.9833333333333333,1.0,0.9764705882352941,1.0,1.0,1.0,0.9500402900886382
240,2005,5.651010118123146,0.022405700592366556,1.2308635985922547,False,1.0,1.0,1.0,0.8971796937953264,1.0,0.9541095890410959,1.0,0.9352135374697824,1.0,1.0,1.0,0.8971796937953264
241,2023,2.0943548126868103,0.040648464683800886,1.0484050746524858,False,1.0,1.0,1.0,0.9929089443996777,1.0,0.9958904109589041,1.0,0.9941982272361,1.0,1.0,1.0,0.9929089443996777
242,2009,6.074910922437259,0.0784650273865308,1.0403676400013695,False,1.0,1.0,1.0,0.9921031426269138,1.0,0.9955479452054794,1.0,0.9937147461724416,1.0,1.0,1.0,0.9921031426269138
243,2024,9.513516509500924,0.04586458145827629,1.0179494430036795,False,1.0,1.0,1.0,0.9578913532626165,1.0,0.9924863387978142,1.0,0.9893924783027965,1.0,1.0,1.0,0.9578913532626165
244,2022,14.903144951802712,0.022423953730529793,1.3528985018147441,False,1.0,1.0,1.0,0.8897663174858985,1.0,0.9186073059360731,1.0,0.8850926672038678,1.0,1.0,1.0,0.8897663174858985
245,2015,0.676721185639178,0.07024854462726661,1.0587521911263007,True,0.9013698630136986,0.9013698630136986,0.8746268656716418,0.8936341659951652,0.9008219178082192,0.8972602739726028,0.8746268656716418,0.8955680902497986,1.0,1.0,0.8746268656716418,0.8936341659951652
246,2023,8.023472294638058,0.0540468868129594,1.198616650736412,False,1.0,1.0,0.999009900990099,0.8892828364222402,1.0,0.9357305936073059,1.0,0.9092667203867848,1.0,1.0,0.999009900990099,0.8892828364222402
247,2008,0.9467575605580653,0.03863925110486496,1.0946817458364269,False,1.0,1.0,0.9980099502487563,0.9932497589199615,0.9994535519125683,0.9961293260473588,0.9990049751243781,0.994535519125683,1.0,1.0,0.9980099502487563,0.9932497589199615
248,2008,1.414290802320105,0.062470633664086866,1.415009589579514,False,1.0,1.0,0.9990049751243781,0.9032465445194471,0.9994535519125683,0.9262295081967213,0.9970149253731343,0.8958534233365477,1.0,1.0,0.9990049751243781,0.9032465445194471
249,2024,12.632319832753078,0.027616115407455184,1.397894282583485,False,1.0,1.0,1.0,0.8783349405335905,1.0,0.9126821493624773,1.0,0.8767277402764384,1.0,1.0,1.0,0.8783349405335905
250,2012,13.483823644807703,0.062290299382590855,1.241469194735892,False,1.0,1.0,1.0,0.8993892639022822,1.0,0.9491120218579235,1.0,0.9281581485053038,1.0,1.0,1.0,0.8993892639022822
251,2015,5.795121858347727,0.04349041050106588,1.0448766176255977,True,0.9068493150684932,0.9068493150684932,0.8766169154228856,0.8963738920225625,0.9063013698630137,0.9009132420091325,0.8786069651741294,0.8984689766317486,1.0,1.0,0.8766169154228856,0.8963738920225625
252,2013,13.960267328169307,0.022110558931065186,1.0787616706587397,False,1.0,1.0,0.9960199004975124,0.9771152296535053,0.9989041095890411,0.9873287671232877,0.9980099502487563,0.9821112006446414,1.0,1.0,0.9960199004975124,0.9771152296535053
253,2010,3.280563392274523,0.07617061589841176,1.4885963649571787,False,1.0,1.0,1.0,0.8652699435938759,1.0,0.9221461187214612,1.0,0.8900886381950041,1.0,1.0,1.0,0.8652699435938759
254,2024,0.736764656250602,0.023799708722153486,1.097562120546168,False,1.0,1.0,1.0,0.992124718739955,1.0,0.9960154826958105,1.0,0.9943747990999678,1.0,1.0,1.0,0.992124718739955
255,2012,8.0582832554151,0.03211203509657247,1.400291810336925,False,1.0,1.0,1.0,0.8463516554162649,1.0,0.9135928961748634,1.0,0.8780135004821601,1.0,1.0,1.0,0.8463516554162649
256,2023,12.962052437890872,0.04087404654539553,1.0452895292677198,False,1.0,1.0,1.0,0.9819500402900886,1.0,0.9894977168949771,1.0,0.9851732473811442,1.0,1.0,1.0,0.9819500402900886
257,2013,14.185404777367099,0.0662463928199222,1.2702383460853774,False,1.0,1.0,0.9980099502487563,0.8833199033037873,0.9989041095890411,0.9415525114155251,0.9980099502487563,0.9174858984689767,1.0,1.0,0.9980099502487563,0.8833199033037873
258,2013,4.811011784301774,0.06037120368109361,1.2173798734045231,False,1.0,1.0,0.9960199004975124,0.9097502014504432,0.9994520547945206,0.9569634703196347,0.9970149253731343,0.939887187751813,1.0,1.0,0.9960199004975124,0.9097502014504432
259,2020,2.5330956241907217,0.031274214742188604,1.0536561814162602,False,1.0,1.0,1.0,0.9926068788171006,0.9994535519125683,0.9964708561020036,0.9980099502487563,0.9950176792028287,1.0,1.0,1.0,0.9926068788171006
260,2019,7.793243971645411,0.04620004936033037,1.4974074464148042,False,1.0,1.0,1.0,0.8328767123287671,1.0,0.8875570776255708,1.0,0.8412570507655117,1.0,1.0,1.0,0.8328767123287671
261,2015,6.326490940718419,0.05557739786897696,1.1139838861115912,False,1.0,1.0,0.9950248756218906,0.9503626107977438,0.9989041095890411,0.9832191780821918,0.9980099502487563,0.9763094278807414,1.0,1.0,0.9950248756218906,0.9503626107977438
262,2014,0.7625019292271573,0.04814030474076033,1.4483776857953492,False,1.0,1.0,1.0,0.9031426269137792,1.0,0.9232876712328767,1.0,0.8917002417405319,1.0,1.0,1.0,0.9031426269137792
263,2019,12.333203191407105,0.06690542285443671,1.2140849317544367,False,1.0,1.0,1.0,0.9263497179693795,1.0,0.9655251141552511,0.9990049751243781,0.9513295729250605,1.0,1.0,1.0,0.9263497179693795
264,2006,12.843435056949112,0.0408604180901542,1.3312647971831,False,1.0,1.0,1.0,0.87767929089444,1.0,0.9318493150684931,1.0,0.9037872683319903,1.0,1.0,1.0,0.87767929089444
265,2023,5.563684823125038,0.06872737767122356,1.2528811573713705,False,1.0,1.0,1.0,0.8838033843674457,1.0,0.9383561643835616,1.0,0.9129734085414988,1.0,1.0,1.0,0.8838033843674457
266,2024,6.895641966803881,0.06471223056686065,1.065577584592355,False,1.0,1.0,1.0,0.9636772741883639,1.0,0.9914617486338798,1.0,0.9879459980713597,1.0,1.0,1.0,0.9636772741883639
267,2012,11.209047002881046,0.036355189844953506,1.0553621293002773,False,1.0,1.0,1.0,0.9901960784313726,1.0,0.9943078324225865,1.0,0.9919639987142398,1.0,1.0,1.0,0.9901960784313726
268,2017,2.3163463203321366,0.037479767213507945,1.2646956770131437,False,1.0,1.0,1.0,0.9178082191780822,1.0,0.9626712328767123,0.999009900990099,0.947300564061241,1.0,1.0,1.0,0.9178082191780822
269,2019,10.622363307639526,0.04146095789155846,1.239202463043339,False,1.0,1.0,1.0,0.9376309427880741,1.0,0.9756849315068493,1.0,0.9656728444802578,1.0,1.0,1.0,0.9376309427880741
270,2020,4.1014455319000875,0.027636571899742356,1.2751198459541289,False,1.0,1.0,0.9990049751243781,0.8952105432336869,1.0,0.9541211293260473,0.9990049751243781,0.9352298296367727,1.0,1.0,0.9990049751243781,0.8952105432336869
271,2007,7.216846526447246,0.06487940773714682,1.4075365481093771,False,1.0,1.0,1.0,0.8473811442385173,1.0,0.9124429223744293,1.0,0.8763900080580177,1.0,1.0,1.0,0.8473811442385173
272,2006,12.308356239597911,0.04164863368505092,1.0881777882089008,False,1.0,1.0,1.0,0.9883964544721998,1.0,0.9941780821917808,1.0,0.9917808219178083,1.0,1.0,1.0,0.9883964544721998
273,2011,3.613906746214683,0.038830806326698795,1.136402165072918,False,1.0,1.0,1.0,0.9688960515713134,1.0,0.9905251141552511,1.0,0.9866236905721193,1.0,1.0,1.0,0.9688960515713134
274,2012,6.58232552702923,0.042156370480458116,1.1179986313102763,False,1.0,1.0,1.0,0.9492124718739955,1.0,0.9829234972677595,1.0,0.9758919961427194,1.0,1.0,1.0,0.9492124718739955
275,2006,7.468977791833314,0.07203033659640236,1.4994148186668292,False,1.0,1.0,1.0,0.8285253827558421,1.0,0.8908675799086758,1.0,0.8459307010475423,1.0,1.0,1.0,0.8285253827558421
276,2023,13.34669199809803,0.06748708926845734,1.2304656955365552,True,0.9808219178082191,0.9808219178082191,0.9752475247524752,0.8867042707493956,0.9808219178082191,0.9312785388127854,0.9742574257425742,0.9108783239323126,1.0,1.0,0.9752475247524752,0.8867042707493956
277,2014,7.414718003019266,0.054090041077481874,1.2760813516522136,False,1.0,1.0,1.0,0.9016921837228042,1.0,0.9243150684931507,1.0,0.8931506849315068,1.0,1.0,1.0,0.9016921837228042
278,2024,3.377664991583182,0.07087021203341927,1.497412106810434,False,1.0,1.0,1.0,0.859048537447766,1.0,0.9159836065573771,1.0,0.8813886210221794,1.0,1.0,1.0,0.859048537447766
279,2007,13.348485106084965,0.04409969804056258,1.1340425524102755,False,1.0,1.0,1.0,0.9577759871071716,1.0,0.983675799086758,1.0,0.9769540692989525,1.0,1.0,1.0,0.9577759871071716
280,2017,5.169613297674266,0.037777977827209104,1.0848999868863538,False,1.0,1.0,1.0,0.9735697018533441,1.0,0.9898401826484018,1.0,0.9856567284448026,1.0,1.0,1.0,0.9735697018533441
281,2023,0.8691801680719491,0.04417277651045778,1.417060446001054,False,1.0,1.0,1.0,0.8995970991136181,1.0,0.9273972602739726,0.999009900990099,0.8975020145044319,1.0,1.0,1.0,0.8995970991136181
282,2018,2.6319336986863173,0.03588270263717224,1.4566425918509878,False,1.0,1.0,1.0,0.8747784045124899,0.9994520547945206,0.9265981735159817,0.999009900990099,0.8963738920225625,1.0,1.0,1.0,0.8747784045124899
283,2008,10.165629216817042,0.0341153833049387,1.138103681728283,False,1.0,1.0,0.9980099502487563,0.9816779170684667,0.9994535519125683,0.9902094717668488,0.9980099502487563,0.9861780777884924,1.0,1.0,0.9980099502487563,0.9816779170684667
284,2016,6.449355748500717,0.035182084995781016,1.3878955432185451,False,1.0,1.0,1.0,0.8749598199935712,0.9994535519125683,0.9298724954462659,0.9980295566502463,0.9009964641594342,1.0,1.0,1.0,0.8749598199935712
285,2010,5.674770213356784,0.03278449606394014,1.0021528878338393,False,1.0,1.0,1.0,0.9953263497179694,1.0,0.9971461187214612,1.0,0.9959709911361805,1.0,1.0,1.0,0.9953263497179694
286,2012,0.5796646474032691,0.05113487854922505,1.4049703682224353,True,0.9453551912568307,0.9453551912568307,1.0,0.8384763741562199,0.9453551912568307,0.8839936247723132,1.0,0.8587270973963356,1.0,1.0,1.0,0.8384763741562199
287,2011,5.573148126095424,0.03172974964379524,1.2050243934574971,False,1.0,1.0,1.0,0.9105560032232071,1.0,0.96175799086758,1.0,0.9460112812248187,1.0,1.0,1.0,0.9105560032232071
288,2019,12.92721626724021,0.061424117270930084,1.4914935857679534,False,1.0,1.0,1.0,0.8523771152296535,1.0,0.9081050228310502,1.0,0.8702659145850121,1.0,1.0,1.0,0.8523771152296535
289,2018,13.850204515887183,0.063788914778172,1.3772865691090672,True,0.936986301369863,0.936986301369863,0.9257425742574258,0.8265914585012087,0.936986301369863,0.8551369863013699,0.9257425742574258,0.8214343271555198,1.0,1.0,0.9257425742574258,0.8265914585012087
290,2007,2.780629092037285,0.0373657824504839,1.3980302238129354,False,1.0,1.0,1.0,0.8984689766317486,1.0,0.9220319634703197,1.0,0.8899274778404512,1.0,1.0,1.0,0.8984689766317486
291,2009,12.040809079325484,0.0364480636213165,1.1273641750587338,False,1.0,1.0,1.0,0.9871071716357775,1.0,0.9930365296803653,1.0,0.9901692183722804,1.0,1.0,1.0,0.9871071716357775
292,2005,6.030716972356041,0.07080026303049461,1.1995976513288953,True,0.9671232876712329,0.9671232876712329,0.995049504950495,0.8747784045124899,0.9671232876712329,0.9273972602739726,0.995049504950495,0.9110394842868654,1.0,1.0,0.995049504950495,0.8747784045124899
293,2020,11.743579112575858,0.07504373535596853,1.425498560026082,False,1.0,1.0,0.9990049751243781,0.8882995821279331,0.9994535519125683,0.9183743169398907,0.9980099502487563,0.8847637415621986,1.0,1.0,0.9990049751243781,0.8882995821279331
294,2017,3.414917201988212,0.07204541236895502,1.1529001143692836,False,1.0,1.0,1.0,0.959709911361805,1.0,0.9863013698630136,1.0,0.9806607574536664,1.0,1.0,1.0,0.959709911361805
295,2015,1.9243988776668024,0.07631068753766394,1.3641874828732046,False,1.0,1.0,0.9960199004975124,0.881385979049154,0.9994520547945206,0.9324200913242009,0.9970149253731343,0.9045930701047542,1.0,1.0,0.9960199004975124,0.881385979049154
296,2020,13.150172081275542,0.06468625566900525,1.410252971929302,False,1.0,1.0,0.9990049751243781,0.8791385406621665,0.9994535519125683,0.9166666666666666,0.9980099502487563,0.8823529411764706,1.0,1.0,0.9990049751243781,0.8791385406621665
297,2017,1.7676585135874663,0.050172496218821194,1.252638461146548,False,1.0,1.0,1.0,0.9348912167606769,1.0,0.9697488584474886,1.0,0.9572925060435133,1.0,1.0,1.0,0.9348912167606769
298,2010,5.926527563218363,0.07478922502083246,1.1233625267397356,False,1.0,1.0,1.0,0.9506849315068493,1.0,0.9831050228310503,1.0,0.9761482675261886,1.0,1.0,1.0,0.9506849315068493
299,2010,7.8463574891897245,0.06771393551496258,1.4803131428144163,False,1.0,1.0,1.0,0.8244963738920226,1.0,0.8941780821917809,1.0,0.8506043513295729,1.0,1.0,1.0,0.8244963738920226
300,2018,13.76789994938601,0.04112304045435429,1.3191117764631684,False,1.0,1.0,1.0,0.8712328767123287,0.9983561643835617,0.9172374429223744,0.997029702970297,0.8831587429492345,1.0,1.0,1.0,0.8712328767123287
301,2006,1.4071173601158737,0.07253234267163416,1.1420256552632577,False,1.0,1.0,1.0,0.9879129734085415,1.0,0.993607305936073,1.0,0.9909750201450443,1.0,1.0,1.0,0.9879129734085415
302,2024,5.741747441703835,0.07301179018542245,1.1506601788313078,False,1.0,1.0,1.0,0.9368370298939248,1.0,0.9689207650273224,1.0,0.9561234329797492,1.0,1.0,1.0,0.9368370298939248
303,2009,9.095442603233026,0.06977572454514229,1.0122254204410075,False,1.0,1.0,1.0,0.9719580983078163,1.0,0.9955479452054794,1.0,0.9937147461724416,1.0,1.0,1.0,0.9719580983078163
304,2011,10.67876715882868,0.049736304692068585,1.0276049783539902,False,1.0,1.0,1.0,0.9909750201450443,1.0,0.9948630136986302,1.0,0.9927477840451249,1.0,1.0,1.0,0.9909750201450443
305,2021,0.46339255554048275,0.07670889726024635,1.0254403672725072,False,1.0,1.0,1.0,0.9951651893634166,1.0,0.9978310502283105,1.0,0.9969379532634972,1.0,1.0,1.0,0.9951651893634166
306,2022,3.864189242730547,0.0647640787375619,1.4428525854291814,False,1.0,1.0,1.0,0.8842868654311039,1.0,0.9323059360730593,1.0,0.9044319097502015,1.0,1.0,1.0,0.8842868654311039
307,2015,11.689049153622012,0.03384477831603302,1.0135910667487926,False,1.0,1.0,0.9990049751243781,0.9927477840451249,1.0,0.9961187214611872,1.0,0.9945205479452055,1.0,1.0,0.9990049751243781,0.9927477840451249
308,2015,10.65025320081935,0.06463968336169945,1.2658064593477196,False,1.0,1.0,0.9960199004975124,0.923126510878324,0.9989041095890411,0.9598173515981735,0.9970149253731343,0.9432715551974215,1.0,1.0,0.9960199004975124,0.923126510878324
309,2007,9.606588181554619,0.07328352170089218,1.4058761856096327,False,1.0,1.0,1.0,0.824174053182917,1.0,0.895662100456621,1.0,0.8526994359387591,1.0,1.0,1.0,0.824174053182917
310,2013,8.679139452187865,0.07834077487601589,1.4514463438151417,False,1.0,1.0,0.9980099502487563,0.8203062046736502,0.9989041095890411,0.8932648401826484,0.9980099502487563,0.8493150684931506,1.0,1.0,0.9980099502487563,0.8203062046736502
311,2021,2.537020610742836,0.025400083462705392,1.0600553150506922,True,0.8876712328767123,0.8876712328767123,0.8514851485148515,0.8796132151490733,0.8876712328767123,0.883675799086758,0.8514851485148515,0.882030620467365,1.0,1.0,0.8514851485148515,0.8796132151490733
312,2006,1.9881312142712044,0.05481441300457658,1.3872086022846661,False,1.0,1.0,1.0,0.9033037872683319,1.0,0.930365296803653,1.0,0.9016921837228042,1.0,1.0,1.0,0.9033037872683319
313,2006,13.23262605493422,0.05132750557418905,1.3563748468806498,False,1.0,1.0,1.0,0.895245769540693,1.0,0.9222602739726027,1.0,0.8902497985495568,1.0,1.0,1.0,0.895245769540693
314,2019,7.014786786753187,0.06779430378816148,1.1303518906679724,False,1.0,1.0,1.0,0.9342465753424658,1.0,0.9691780821917808,1.0,0.9564867042707494,1.0,1.0,1.0,0.9342465753424658
315,2011,3.695283626748402,0.039812077735863885,1.3430249347529502,False,1.0,1.0,1.0,0.9065269943593876,1.0,0.9286529680365296,1.0,0.8992747784045125,1.0,1.0,1.0,0.9065269943593876
316,2022,11.475366077670644,0.03299734185104256,1.3444507262264862,False,1.0,1.0,1.0,0.8947622884770347,1.0,0.9489726027397261,1.0,0.9279613215149073,1.0,1.0,1.0,0.8947622884770347
317,2006,4.425288130685931,0.03739004683096949,1.277142792863214,False,1.0,1.0,1.0,0.8925060435132958,1.0,0.9455479452054795,1.0,0.923126510878324,1.0,1.0,1.0,0.8925060435132958
318,2013,9.353195544641189,0.06161242817520317,1.3373751781901118,False,1.0,1.0,0.9980099502487563,0.854955680902498,0.9989041095890411,0.9162100456621004,0.9980099502487563,0.8817082997582595,1.0,1.0,0.9980099502487563,0.854955680902498
319,2017,1.111058291080595,0.04454210792274378,1.0433557418215995,False,1.0,1.0,1.0,0.9916196615632554,1.0,0.9947488584474886,1.0,0.9925866236905722,1.0,1.0,1.0,0.9916196615632554
320,2011,11.143594647871234,0.06978499460749468,1.2728991428697318,False,1.0,1.0,1.0,0.9250604351329573,1.0,0.9627853881278539,1.0,0.9474617244157937,1.0,1.0,1.0,0.9250604351329573
321,2013,7.088339750052857,0.057183163362778414,1.463985304082912,False,1.0,1.0,0.9960199004975124,0.8280419016921837,0.9989041095890411,0.9003424657534247,0.9980099502487563,0.859307010475423,1.0,1.0,0.9960199004975124,0.8280419016921837
322,2024,9.029954452912943,0.02431102012917406,1.2578437192609861,False,1.0,1.0,1.0,0.8891031822565092,1.0,0.9354508196721312,1.0,0.9088717454194792,1.0,1.0,1.0,0.8891031822565092
323,2015,13.825274763563556,0.04809923208165986,1.481099994267351,False,1.0,1.0,0.9980099502487563,0.8501208702659145,0.9989041095890411,0.9115296803652968,0.9960199004975124,0.8751007252215954,1.0,1.0,0.9980099502487563,0.8501208702659145
324,2016,3.253741842086825,0.020034087755536667,1.2159728305002409,False,1.0,1.0,1.0,0.9469623915139826,1.0,0.9789389799635702,0.9990147783251232,0.9702667952426872,1.0,1.0,1.0,0.9469623915139826
325,2008,11.001996641997538,0.054198974215641973,1.077141562706738,False,1.0,1.0,0.9990049751243781,0.9916425586628094,0.9994535519125683,0.9954462659380692,0.9990049751243781,0.9935711989713918,1.0,1.0,0.9990049751243781,0.9916425586628094
326,2024,9.399588265462222,0.05849367955786114,1.2061292982320375,False,1.0,1.0,1.0,0.9038894246223079,1.0,0.9254326047358834,1.0,0.8947283831565414,1.0,1.0,1.0,0.9038894246223079
327,2008,3.4601868799178677,0.050012578958801124,1.3780465738564265,False,1.0,1.0,0.9980099502487563,0.90549662487946,0.9994535519125683,0.9239526411657559,0.9970149253731343,0.8926390228222436,1.0,1.0,0.9980099502487563,0.90549662487946
328,2012,3.3591849839093735,0.0350259852039133,1.1314356660798914,False,1.0,1.0,1.0,0.9773384763741563,1.0,0.99408014571949,1.0,0.9916425586628094,1.0,1.0,1.0,0.9773384763741563
329,2024,14.902837847187644,0.05160639388173846,1.3195136051323368,False,1.0,1.0,1.0,0.8813886210221794,1.0,0.9141621129326047,1.0,0.8788171006107361,1.0,1.0,1.0,0.8813886210221794
330,2013,3.0579094099431585,0.06997022327969073,1.1516010383172959,False,1.0,1.0,0.9960199004975124,0.9635777598710717,0.9989041095890411,0.9865296803652968,0.9970149253731343,0.980983078162772,1.0,1.0,0.9960199004975124,0.9635777598710717
331,2023,14.78431652268012,0.07436640864591089,1.3992241724140289,False,1.0,1.0,1.0,0.8601128122481869,1.0,0.9144977168949772,0.999009900990099,0.8792908944399678,1.0,1.0,1.0,0.8601128122481869
332,2005,8.20924261807312,0.05033016916142402,1.318335139958153,False,1.0,1.0,1.0,0.8812248186946011,1.0,0.9296803652968036,1.0,0.9007252215954875,1.0,1.0,1.0,0.8812248186946011
333,2011,11.237612359732994,0.03984061981678115,1.063612980945914,False,1.0,1.0,1.0,0.9888799355358582,1.0,0.9939497716894977,1.0,0.9914585012087027,1.0,1.0,1.0,0.9888799355358582
334,2015,6.6942350787066225,0.06556046600134324,1.2769905629084297,True,0.9506849315068493,0.9506849315068493,0.9373134328358209,0.857856567284448,0.9495890410958904,0.8794520547945206,0.9373134328358209,0.8501208702659145,1.0,1.0,0.9373134328358209,0.857856567284448
335,2007,9.838092914742608,0.023896806752596617,1.0274674945988347,False,1.0,1.0,1.0,0.9524576954069299,1.0,0.9843607305936073,1.0,0.9779210314262692,1.0,1.0,1.0,0.9524576954069299
336,2008,0.32585183556134434,0.029323827155436535,1.3032831675977148,False,1.0,1.0,0.9990049751243781,0.9318547090967535,0.9994535519125683,0.9715391621129326,0.9980099502487563,0.959819993571199,1.0,1.0,0.9990049751243781,0.9318547090967535
337,2018,1.076957135400688,0.07358314908519516,1.0055083336921142,False,1.0,1.0,1.0,0.9901692183722804,0.9994520547945206,0.9942922374429224,0.999009900990099,0.991941982272361,1.0,1.0,1.0,0.9901692183722804
338,2013,13.558562831932182,0.029002374694892606,1.1013952263045794,False,1.0,1.0,0.9960199004975124,0.9750201450443191,0.9989041095890411,0.9864155251141552,0.9980099502487563,0.9808219178082191,1.0,1.0,0.9960199004975124,0.9750201450443191
339,2007,8.991402128699029,0.04964381621970662,1.1501359560712634,False,1.0,1.0,1.0,0.8910556003223207,1.0,0.9416666666666667,1.0,0.9176470588235294,1.0,1.0,1.0,0.8910556003223207
340,2019,5.3949944049991645,0.022757794960408403,1.176106246782562,False,1.0,1.0,1.0,0.9331184528605962,1.0,0.9680365296803652,1.0,0.9548751007252216,1.0,1.0,1.0,0.9331184528605962
341,2012,6.587677698089021,0.05662424655045843,1.388324217944358,False,1.0,1.0,1.0,0.8667630986820958,1.0,0.923155737704918,1.0,0.8915139826422372,1.0,1.0,1.0,0.8667630986820958
342,2005,10.675587313790817,0.048501346640261636,1.3017029787438044,False,1.0,1.0,1.0,0.915068493150685,1.0,0.9593607305936073,1.0,0.9426269137792103,1.0,1.0,1.0,0.915068493150685
343,2008,3.3538548131407038,0.04483581914327606,1.0883334906635809,False,1.0,1.0,0.9970149253731343,0.991321118611379,0.9994535519125683,0.9955601092896175,0.9980099502487563,0.993731918997107,1.0,1.0,0.9970149253731343,0.991321118611379
344,2005,13.885300031050868,0.0757743749340333,1.0089304795875904,False,1.0,1.0,1.0,0.9925866236905722,1.0,0.9958904109589041,1.0,0.9941982272361,1.0,1.0,1.0,0.9925866236905722
345,2015,0.18077794523887802,0.0782120943541906,1.4529511094088892,False,1.0,1.0,0.9970149253731343,0.8965350523771153,0.9989041095890411,0.9230593607305936,0.9970149253731343,0.8913779210314263,1.0,1.0,0.9970149253731343,0.8965350523771153
346,2024,8.25485258546459,0.07098735186830217,1.3069141279045058,False,1.0,1.0,1.0,0.8833172613307618,1.0,0.9304417122040073,1.0,0.9018000642880103,1.0,1.0,1.0,0.8833172613307618
347,2014,8.577629647816638,0.06438620159396902,1.0375086536757712,False,1.0,1.0,1.0,0.9639000805801773,1.0,0.9945205479452055,1.0,0.9922643029814665,1.0,1.0,1.0,0.9639000805801773
348,2013,12.734676339372811,0.05058982196342296,1.1561071364610391,False,1.0,1.0,0.9980099502487563,0.9566478646253022,0.9989041095890411,0.9809360730593607,0.9980099502487563,0.9730862207896858,1.0,1.0,0.9980099502487563,0.9566478646253022
349,2007,5.5348282995051745,0.03317477553212548,1.231961143055025,False,1.0,1.0,1.0,0.8947622884770347,1.0,0.953310502283105,1.0,0.934085414987913,1.0,1.0,1.0,0.8947622884770347
350,2019,11.012195186413772,0.07157366800513389,1.1891002615048405,False,1.0,1.0,1.0,0.9522965350523771,1.0,0.9786529680365297,1.0,0.9698630136986301,1.0,1.0,1.0,0.9522965350523771
351,2020,9.279909179044765,0.035473640548867647,1.3464632952929274,False,1.0,1.0,1.0,0.8500482160077145,0.9994535519125683,0.9168943533697632,0.9970149253731343,0.882674381227901,1.0,1.0,1.0,0.8500482160077145
352,2009,2.2589743086450524,0.06045171154668896,1.1698679738745152,True,0.936986301369863,0.936986301369863,0.9154228855721394,0.9092667203867848,0.936986301369863,0.9308219178082192,0.9154228855721394,0.9282836422240129,1.0,1.0,0.9154228855721394,0.9092667203867848
353,2020,4.276836006227832,0.07074196403881833,1.2600359561307442,False,1.0,1.0,0.9990049751243781,0.8971391835422694,1.0,0.9545765027322405,0.9990049751243781,0.9358727097396335,1.0,1.0,0.9990049751243781,0.8971391835422694
354,2005,14.29462742340155,0.026953931919154964,1.4425464941134003,False,1.0,1.0,1.0,0.8662369057211926,1.0,0.9178082191780822,1.0,0.8839645447219984,1.0,1.0,1.0,0.8662369057211926
355,2013,2.124584519593575,0.061252036106592314,1.0236862533647448,False,1.0,1.0,0.9970149253731343,0.9914585012087027,0.9994520547945206,0.9950913242009133,0.9980099502487563,0.9930701047542304,1.0,1.0,0.9970149253731343,0.9914585012087027
356,2014,6.616161444259264,0.05131258608133135,1.139818164551265,True,0.9232876712328767,0.9232876712328767,0.9,0.8652699435938759,0.9232876712328767,0.8978310502283106,0.9,0.8873489121676068,1.0,1.0,0.9,0.8652699435938759
357,2011,9.770024981100697,0.02082664131764302,1.1241471239426464,False,1.0,1.0,1.0,0.8963738920225625,1.0,0.9530821917808219,1.0,0.9337630942788074,1.0,1.0,1.0,0.8963738920225625
358,2012,5.9110796125270095,0.04267025865156944,1.2652205898015394,False,1.0,1.0,1.0,0.9050144648023144,1.0,0.9356785063752276,1.0,0.9091931854709097,1.0,1.0,1.0,0.9050144648023144
359,2007,7.727000652692835,0.045276807660995275,1.0501436992476252,False,1.0,1.0,1.0,0.9650282030620467,1.0,0.9914383561643836,1.0,0.9879129734085415,1.0,1.0,1.0,0.9650282030620467
360,2005,14.136063762127838,0.05608236576868088,1.381922033644179,False,1.0,1.0,1.0,0.8884770346494762,1.0,0.9223744292237442,1.0,0.8904109589041096,1.0,1.0,1.0,0.8884770346494762
361,2020,9.485325761494519,0.07886028868122637,1.0211730569993525,False,1.0,1.0,1.0,0.951944712311154,0.9994535519125683,0.9887295081967213,0.9990049751243781,0.9840887174541948,1.0,1.0,1.0,0.951944712311154
362,2020,8.204816813673274,0.0401771498256417,1.4938237238782308,True,0.9398907103825137,0.9398907103825137,0.9203980099502488,0.7950819672131147,0.9398907103825137,0.8353825136612022,0.9203980099502488,0.7923497267759563,1.0,1.0,0.9203980099502488,0.7950819672131147
363,2021,4.858518940789327,0.0786827447472788,1.237438418237852,False,1.0,1.0,1.0,0.8971796937953264,1.0,0.9538812785388128,1.0,0.9348912167606769,1.0,1.0,1.0,0.8971796937953264
364,2009,14.181248586599228,0.05024383439387305,1.0453508830449842,False,1.0,1.0,1.0,0.9925866236905722,1.0,0.9957762557077625,1.0,0.9940370668815471,1.0,1.0,1.0,0.9925866236905722
365,2006,13.95158278875186,0.07826810910813967,1.1294178186186998,False,1.0,1.0,1.0,0.956809024979855,1.0,0.984703196347032,1.0,0.9784045124899274,1.0,1.0,1.0,0.956809024979855
366,2019,6.723785318306157,0.0713285218050729,1.1949447344363044,False,1.0,1.0,1.0,0.8971796937953264,1.0,0.9544520547945206,0.9990049751243781,0.9356970185334408,1.0,1.0,1.0,0.8971796937953264
367,2022,14.647905996227184,0.03808403820321114,1.01553480003492,False,1.0,1.0,1.0,0.9951651893634166,1.0,0.9973744292237443,1.0,0.996293311845286,1.0,1.0,1.0,0.9951651893634166
368,2016,10.200524031118372,0.06048876514435218,1.1317377140946587,False,1.0,1.0,0.9970443349753695,0.989713918354227,0.9994535519125683,0.9946493624772313,0.9990147783251232,0.9924461587913854,1.0,1.0,0.9970443349753695,0.989713918354227
369,2009,5.232909780695962,0.04799055578830058,1.1806494494263415,False,1.0,1.0,1.0,0.9298952457695407,1.0,0.9715753424657534,1.0,0.9598710717163578,1.0,1.0,1.0,0.9298952457695407
370,2006,3.207462319169967,0.04055901776201844,1.0194896887686602,False,1.0,1.0,1.0,0.9954875100725221,1.0,0.997716894977169,1.0,0.9967767929089444,1.0,1.0,1.0,0.9954875100725221
371,2016,1.8590708166131669,0.06482665236124466,1.0653759066881592,False,1.0,1.0,0.9990147783251232,0.9956605593056895,1.0,0.9979508196721312,1.0,0.9971070395371263,1.0,1.0,0.9990147783251232,0.9956605593056895
372,2023,9.09798150611917,0.06281519659444504,1.4964039786352226,False,1.0,1.0,1.0,0.84464141821112,1.0,0.878310502283105,0.999009900990099,0.8282030620467365,1.0,1.0,1.0,0.84464141821112
373,2023,2.442848268640537,0.051994988589902494,1.0889562441480722,False,1.0,1.0,1.0,0.9885576148267526,1.0,0.9938356164383562,0.999009900990099,0.9912973408541499,1.0,1.0,1.0,0.9885576148267526
374,2011,13.915026036813323,0.022373612503411508,1.0541247207374285,False,1.0,1.0,1.0,0.9882352941176471,1.0,0.9930365296803653,1.0,0.9901692183722804,1.0,1.0,1.0,0.9882352941176471
375,2005,4.108592529090679,0.03676128873162375,1.096470868246741,False,1.0,1.0,1.0,0.9892022562449637,1.0,0.9946347031963471,1.0,0.9924254633360193,1.0,1.0,1.0,0.9892022562449637
376,2013,5.085116109043186,0.025383876664475072,1.012602473563081,False,1.0,1.0,0.9980099502487563,0.990491539081386,0.9994520547945206,0.9949771689497717,0.9980099502487563,0.9929089443996777,1.0,1.0,0.9980099502487563,0.990491539081386
377,2012,11.34974141124923,0.07571157050343974,1.2521096777688843,False,1.0,1.0,1.0,0.9202828672452588,1.0,0.9591302367941712,1.0,0.9423015107682418,1.0,1.0,1.0,0.9202828672452588
378,2023,11.609091579564843,0.07065634145494668,1.4477522885984422,False,1.0,1.0,1.0,0.8755842062852538,1.0,0.9102739726027397,0.999009900990099,0.8733279613215149,1.0,1.0,1.0,0.8755842062852538
379,2011,11.503133521607964,0.03850757734986501,1.464621122003075,True,0.8876712328767123,0.8876712328767123,0.8663366336633663,0.7788879935535858,0.8876712328767123,0.813013698630137,0.8663366336633663,0.7822723609991942,1.0,1.0,0.8663366336633663,0.7788879935535858
380,2020,1.3990635798649087,0.02205076465569561,1.3850934747220913,False,1.0,1.0,1.0,0.8871745419479267,0.9994535519125683,0.9346539162112932,0.9990049751243781,0.9077467052394729,1.0,1.0,1.0,0.8871745419479267
381,2021,12.852905878748558,0.03655543052244879,1.2070887607963352,True,0.9397260273972603,0.9397260273972603,0.9207920792079208,0.8784850926672039,0.9397260273972603,0.9117579908675799,0.9207920792079208,0.9002417405318291,1.0,1.0,0.9207920792079208,0.8784850926672039
382,2014,5.891025181526295,0.0727647040092611,1.1351704852638196,False,1.0,1.0,1.0,0.9461724415793715,1.0,0.9796803652968037,1.0,0.9713134568896051,1.0,1.0,1.0,0.9461724415793715
383,2010,6.389564472192738,0.050150722960108765,1.20887164318142,False,1.0,1.0,1.0,0.8989524576954069,1.0,0.9559360730593607,1.0,0.937792103142627,1.0,1.0,1.0,0.8989524576954069
384,2012,2.277025996182469,0.05394741316244543,1.2067041221949293,False,1.0,1.0,1.0,0.9506589521054324,1.0,0.9874772313296903,1.0,0.9823207971713276,1.0,1.0,1.0,0.9506589521054324
385,2015,3.8508264230274936,0.06708332125108107,1.483796512998736,False,1.0,1.0,0.9980099502487563,0.8562449637389202,0.9989041095890411,0.9172374429223744,0.9970149253731343,0.8831587429492345,1.0,1.0,0.9980099502487563,0.8562449637389202
386,2008,7.896901359525207,0.06909364115763544,1.292081074591648,False,1.0,1.0,0.9970149253731343,0.8921568627450981,0.9994535519125683,0.9363615664845173,0.9990049751243781,0.9101575056252009,1.0,1.0,0.9970149253731343,0.8921568627450981
387,2007,13.94398458010757,0.05383174420827884,1.3605202773333627,True,0.9260273972602739,0.9260273972602739,0.905940594059406,0.8278807413376309,0.9260273972602739,0.8523972602739726,0.905940594059406,0.8220789685737309,1.0,1.0,0.905940594059406,0.8278807413376309
388,2021,1.0129097162708005,0.0355134306889244,1.3314622257684605,False,1.0,1.0,1.0,0.9012087026591459,0.9994520547945206,0.9527397260273973,0.999009900990099,0.9332796132151491,1.0,1.0,1.0,0.9012087026591459
389,2012,13.420928725720977,0.039395953061906276,1.2938174873265216,False,1.0,1.0,1.0,0.8921568627450981,1.0,0.9451275045537341,1.0,0.9225329476052716,1.0,1.0,1.0,0.8921568627450981
390,2023,6.639840227403873,0.026249089628172295,1.499882668457172,False,1.0,1.0,1.0,0.8240128928283642,1.0,0.8974885844748859,1.0,0.8552780016116035,1.0,1.0,1.0,0.8240128928283642
391,2011,7.235640069436717,0.025265562966293037,1.0570095956672754,False,1.0,1.0,1.0,0.9672844480257856,1.0,0.9920091324200914,1.0,0.9887187751813054,1.0,1.0,1.0,0.9672844480257856
392,2022,14.212395675671774,0.04130989321963231,1.226225117417379,False,1.0,1.0,1.0,0.9147461724415794,1.0,0.9646118721461188,1.0,0.9500402900886382,1.0,1.0,1.0,0.9147461724415794
393,2011,13.475630759090619,0.06231634456865909,1.0335778388674863,True,0.9205479452054794,0.9205479452054794,0.900990099009901,0.9097502014504432,0.9205479452054794,0.9146118721461187,0.900990099009901,0.9121676067687349,1.0,1.0,0.900990099009901,0.9097502014504432
394,2007,9.83189089080002,0.0769910827949518,1.3742572334465477,False,1.0,1.0,1.0,0.8338436744560838,1.0,0.9007990867579909,1.0,0.8599516518936342,1.0,1.0,1.0,0.8338436744560838
395,2011,2.047058310667664,0.04210064985238064,1.2685863241634092,False,1.0,1.0,1.0,0.9221595487510073,1.0,0.9649543378995433,1.0,0.9505237711522966,1.0,1.0,1.0,0.9221595487510073
396,2021,5.533175711062061,0.043155277487792895,1.0984797713100132,False,1.0,1.0,1.0,0.96406124093473,1.0,0.9901826484018265,1.0,0.9861402095084609,1.0,1.0,1.0,0.96406124093473
397,2006,9.404285106484032,0.040723003590169525,1.2669528163611865,False,1.0,1.0,1.0,0.8884770346494762,1.0,0.936986301369863,1.0,0.9110394842868654,1.0,1.0,1.0,0.8884770346494762
398,2005,8.81279238833761,0.05131880684708304,1.4548987882587723,False,1.0,1.0,1.0,0.8298146655922644,1.0,0.8890410958904109,1.0,0.8433521353746978,1.0,1.0,1.0,0.8298146655922644
399,2012,0.8807802247522456,0.06189910447211529,1.4933559562241,False,1.0,1.0,1.0,0.8870138219222115,1.0,0.9286202185792349,1.0,0.899228543876567,1.0,1.0,1.0,0.8870138219222115
400,2005,8.430137620693017,0.0650911736167636,1.253838498730889,False,1.0,1.0,1.0,0.8989524576954069,1.0,0.929337899543379,1.0,0.9002417405318291,1.0,1.0,1.0,0.8989524576954069
401,2006,13.040427403177855,0.05674635975519089,1.3772851477198156,False,1.0,1.0,1.0,0.8941176470588236,1.0,0.9186073059360731,1.0,0.8850926672038678,1.0,1.0,1.0,0.8941176470588236
402,2015,0.5464529352432496,0.032976158587853084,1.4301729453908916,False,1.0,1.0,0.9980099502487563,0.8989524576954069,0.9989041095890411,0.9278538812785389,0.9970149253731343,0.898146655922643,1.0,1.0,0.9980099502487563,0.8989524576954069
403,2022,6.303337185486572,0.04034141755518959,1.3518888472701123,False,1.0,1.0,1.0,0.8936341659951652,1.0,0.939041095890411,1.0,0.9139403706688155,1.0,1.0,1.0,0.8936341659951652
404,2018,13.320431373413266,0.031987695839487955,1.1461557717149957,False,1.0,1.0,1.0,0.9408541498791297,0.9994520547945206,0.972716894977169,0.999009900990099,0.9614826752618856,1.0,1.0,1.0,0.9408541498791297
405,2006,10.62276730138676,0.038457709125447825,1.1495625720832612,True,0.9123287671232877,0.9123287671232877,0.8821782178217822,0.8939564867042707,0.9123287671232877,0.9020547945205479,0.8821782178217822,0.8978243352135374,1.0,1.0,0.8821782178217822,0.8939564867042707
406,2005,0.07286006665918554,0.07693242542894752,1.3782515238636552,False,1.0,1.0,1.0,0.8928283642224013,1.0,0.9496575342465754,1.0,0.928928283642224,1.0,1.0,1.0,0.8928283642224013
407,2009,6.54204633973658,0.05130285285115041,1.2155754785705575,False,1.0,1.0,1.0,0.8965350523771153,1.0,0.9496575342465754,1.0,0.928928283642224,1.0,1.0,1.0,0.8965350523771153
408,2014,13.471801207516418,0.02472459739297503,1.1923417363306708,False,1.0,1.0,1.0,0.9305398871877518,1.0,0.9662100456621004,1.0,0.9522965350523771,1.0,1.0,1.0,0.9305398871877518
409,2020,4.312095278226345,0.06584456320527743,1.2481443714146179,False,1.0,1.0,1.0,0.9026036644165863,1.0,0.9584471766848816,0.9990049751243781,0.9413371906139505,1.0,1.0,1.0,0.9026036644165863
410,2012,0.48888664870521736,0.04419641497582065,1.0401386602020186,False,1.0,1.0,1.0,0.9974284795885567,1.0,0.9989754098360656,1.0,0.9985535197685632,1.0,1.0,1.0,0.9974284795885567
411,2012,3.134394112269211,0.05441844012774254,1.2489991453965783,False,1.0,1.0,1.0,0.9189971070395371,1.0,0.9643670309653917,1.0,0.9496946319511411,1.0,1.0,1.0,0.9189971070395371
412,2024,5.6510291731282,0.02831483308654777,1.2141963229207329,False,1.0,1.0,1.0,0.9006750241080038,1.0,0.9567395264116576,1.0,0.9389263902282224,1.0,1.0,1.0,0.9006750241080038
413,2009,5.5435740953513655,0.02414839670043569,1.0851595440559145,True,0.9123287671232877,0.9123287671232877,0.8905472636815921,0.890894439967768,0.9123287671232877,0.9085616438356164,0.8905472636815921,0.9070104754230459,1.0,1.0,0.8905472636815921,0.890894439967768
414,2023,10.856179352877566,0.07175286802449952,1.4177650990555457,True,0.9808219178082191,0.9808219178082191,0.9752475247524752,0.8778404512489928,0.9808219178082191,0.9055936073059361,0.9742574257425742,0.8746172441579372,1.0,1.0,0.9752475247524752,0.8778404512489928
415,2022,12.80445259720101,0.052896399071491323,1.2131221015900284,False,1.0,1.0,1.0,0.9455278001611603,1.0,0.9777397260273972,1.0,0.9685737308622079,1.0,1.0,1.0,0.9455278001611603
416,2006,7.333474522060059,0.07934551636999414,1.0750647783746285,False,1.0,1.0,1.0,0.9556809024979855,1.0,0.9915525114155251,1.0,0.9880741337630943,1.0,1.0,1.0,0.9556809024979855
417,2023,7.164731543594561,0.05991283793624727,1.3426073096830664,False,1.0,1.0,1.0,0.8768734891216761,1.0,0.9285388127853881,1.0,0.8991136180499597,1.0,1.0,1.0,0.8768734891216761
418,2006,6.278621870421814,0.05128659260947965,1.2311139650718341,False,1.0,1.0,1.0,0.8913779210314263,1.0,0.9449771689497717,1.0,0.9223207091055601,1.0,1.0,1.0,0.8913779210314263
419,2018,3.762793374826832,0.02899648867604364,1.436052151001787,False,1.0,1.0,1.0,0.8728444802578565,0.9994520547945206,0.9263698630136986,0.999009900990099,0.8960515713134569,1.0,1.0,1.0,0.8728444802578565
420,2011,2.0067963839078318,0.0708599880798784,1.1187678360261295,False,1.0,1.0,1.0,0.9872683319903304,1.0,0.992351598173516,1.0,0.9892022562449637,1.0,1.0,1.0,0.9872683319903304
421,2016,0.7087550828472766,0.07923117992250163,1.0224401612381384,False,1.0,1.0,1.0,0.9979106396657024,1.0,0.998747723132969,1.0,0.9982320797171328,1.0,1.0,1.0,0.9979106396657024
422,2005,1.077932487614401,0.06536451694569427,1.179602198633869,True,0.9260273972602739,0.9260273972602739,0.905940594059406,0.8995970991136181,0.9260273972602739,0.9175799086757991,0.905940594059406,0.9141015310233682,1.0,1.0,0.905940594059406,0.8995970991136181
423,2024,3.8642613425774366,0.027435553565210897,1.277627809950028,False,1.0,1.0,1.0,0.8950498232079717,1.0,0.9537795992714025,1.0,0.9347476695596272,1.0,1.0,1.0,0.8950498232079717
424,2009,11.296099104307645,0.06834636190053808,1.1236335415397223,False,1.0,1.0,1.0,0.9801772763900081,1.0,0.9891552511415526,1.0,0.984689766317486,1.0,1.0,1.0,0.9801772763900081
425,2020,4.4611793864037,0.07591666215379977,1.3409479525335368,False,1.0,1.0,0.9990049751243781,0.9021215043394407,0.9994535519125683,0.9242941712204007,0.9990049751243781,0.8931211828993892,1.0,1.0,0.9990049751243781,0.9021215043394407
426,2014,8.061563600309649,0.026437223451423617,1.1183509972633017,False,1.0,1.0,1.0,0.92522159548751,1.0,0.9703196347031964,1.0,0.9580983078162773,1.0,1.0,1.0,0.92522159548751
427,2013,1.0106145769950936,0.02743062091660225,1.0989903732084536,False,1.0,1.0,0.9980099502487563,0.9871071716357775,0.9989041095890411,0.9931506849315068,0.9980099502487563,0.9903303787268332,1.0,1.0,0.9980099502487563,0.9871071716357775
428,2021,13.50417149423114,0.024117251426531535,1.3459235306428265,False,1.0,1.0,1.0,0.8894439967767929,0.9994520547945206,0.919634703196347,0.999009900990099,0.8865431103948429,1.0,1.0,1.0,0.8894439967767929
429,2006,11.36024149109878,0.0631010337903893,1.293088147635486,False,1.0,1.0,1.0,0.9015310233682514,1.0,0.9505707762557077,1.0,0.9302175664786463,1.0,1.0,1.0,0.9015310233682514
430,2023,14.354573769461693,0.05986069210605523,1.2185640210999003,False,1.0,1.0,1.0,0.9037872683319903,1.0,0.953310502283105,1.0,0.934085414987913,1.0,1.0,1.0,0.9037872683319903
431,2018,14.965010885079538,0.032144316770225737,1.2697188793321947,False,1.0,1.0,1.0,0.8747784045124899,0.9994520547945206,0.9337899543378996,1.0,0.9065269943593876,1.0,1.0,1.0,0.8747784045124899
432,2021,0.7361107158640956,0.05497869572393364,1.2925956756524815,False,1.0,1.0,1.0,0.924576954069299,0.9994520547945206,0.9626712328767123,0.999009900990099,0.947300564061241,1.0,1.0,1.0,0.924576954069299
433,2016,10.803240435039957,0.0674145893233661,1.3123803173422959,False,1.0,1.0,0.9990147783251232,0.9079074252651881,0.9994535519125683,0.9542349726775956,0.9980295566502463,0.9353905496624879,1.0,1.0,0.9990147783251232,0.9079074252651881
434,2005,1.517900501299985,0.05164398683948787,1.4364936077008537,False,1.0,1.0,1.0,0.8994359387590652,1.0,0.9212328767123288,1.0,0.8887993553585818,1.0,1.0,1.0,0.8994359387590652
435,2017,1.3561211770784638,0.03330427925822594,1.3670082798943615,False,1.0,1.0,1.0,0.8860596293311845,1.0,0.9375570776255707,0.999009900990099,0.9118452860596293,1.0,1.0,1.0,0.8860596293311845
436,2012,8.870439146275647,0.04677500126967857,1.4320541769076727,False,1.0,1.0,1.0,0.8261009321761491,1.0,0.8978825136612022,1.0,0.8558341369334619,1.0,1.0,1.0,0.8261009321761491
437,2016,7.796304895437646,0.023022784297313262,1.0715037006631927,False,1.0,1.0,0.9980295566502463,0.9599807135969142,0.9994535519125683,0.9920309653916212,0.9990147783251232,0.9887495981999357,1.0,1.0,0.9980295566502463,0.9599807135969142
438,2008,14.16215470614412,0.03409040979555386,1.052875068730757,False,1.0,1.0,0.9980099502487563,0.9879459980713597,0.9994535519125683,0.9937386156648452,0.9990049751243781,0.9911603985856637,1.0,1.0,0.9980099502487563,0.9879459980713597
439,2012,12.235959533265852,0.0663503483613448,1.4013524880634394,False,1.0,1.0,1.0,0.8934426229508197,1.0,0.9198542805100182,1.0,0.8868531018964964,1.0,1.0,1.0,0.8934426229508197
440,2023,14.386440950566662,0.023056645340181335,1.4616513451289392,False,1.0,1.0,1.0,0.8557614826752619,1.0,0.9157534246575343,1.0,0.8810636583400483,1.0,1.0,1.0,0.8557614826752619
441,2017,7.832121708135027,0.0327044661665675,1.4097253777723187,False,1.0,1.0,1.0,0.8433521353746978,1.0,0.9115296803652968,1.0,0.8751007252215954,1.0,1.0,1.0,0.8433521353746978
442,2008,10.245224346734966,0.06974902942074501,1.13859907010527,True,0.8934426229508197,0.8934426229508197,0.9333333333333333,0.8765670202507232,0.892896174863388,0.8844489981785064,0.9333333333333333,0.8807457409193186,1.0,1.0,0.9333333333333333,0.8765670202507232
443,2018,7.98622979569304,0.047756003642648495,1.2098826835493792,False,1.0,1.0,1.0,0.8999194198227236,0.9994520547945206,0.9302511415525114,0.999009900990099,0.9015310233682514,1.0,1.0,1.0,0.8999194198227236
444,2023,1.4512934754164402,0.07019844478439266,1.07291615036784,False,1.0,1.0,0.999009900990099,0.9908138597904915,1.0,0.9946347031963471,1.0,0.9924254633360193,1.0,1.0,0.999009900990099,0.9908138597904915
445,2023,3.226968271174116,0.05379897450187773,1.1840466354983077,False,1.0,1.0,1.0,0.9498791297340854,1.0,0.9861872146118722,0.999009900990099,0.9804995970991136,1.0,1.0,1.0,0.9498791297340854
446,2015,13.683080106130145,0.07480601958878383,1.4512449837114594,False,1.0,1.0,0.9960199004975124,0.8684931506849315,0.9989041095890411,0.9211187214611872,0.9970149253731343,0.888638195004029,1.0,1.0,0.9960199004975124,0.8684931506849315
447,2010,9.302199861983212,0.06142973307306879,1.0082411002980785,False,1.0,1.0,1.0,0.9697018533440773,1.0,0.9948630136986302,1.0,0.9927477840451249,1.0,1.0,1.0,0.9697018533440773
448,2017,8.784056421983697,0.04263691034368179,1.006198606957898,False,1.0,1.0,1.0,0.971474617244158,1.0,0.9907534246575342,0.999009900990099,0.9869460112812248,1.0,1.0,1.0,0.971474617244158
449,2011,6.554839324671777,0.03498956526858332,1.2637724372485915,False,1.0,1.0,1.0,0.9087832393231265,1.0,0.9311643835616439,1.0,0.9028203062046737,1.0,1.0,1.0,0.9087832393231265
450,2015,14.548978245747131,0.03917993405762522,1.1469802354622856,False,1.0,1.0,0.9960199004975124,0.9464947622884771,0.9989041095890411,0.9841324200913242,0.9980099502487563,0.9775987107171635,1.0,1.0,0.9960199004975124,0.9464947622884771
451,2009,9.656106981364097,0.03711326512963204,1.3463857846274982,True,0.9561643835616438,0.9561643835616438,0.9751243781094527,0.8114423851732474,0.9561643835616438,0.8748858447488584,0.9751243781094527,0.8414182111200644,1.0,1.0,0.9751243781094527,0.8114423851732474
452,2010,0.4649218272170169,0.060698636504102496,1.3733658574190233,False,1.0,1.0,1.0,0.8942788074133763,1.0,0.95,1.0,0.9294117647058824,1.0,1.0,1.0,0.8942788074133763
453,2014,9.0591699746794,0.022475181950393754,1.0499759278872565,False,1.0,1.0,1.0,0.9534246575342465,1.0,0.9864155251141552,1.0,0.9808219178082191,1.0,1.0,1.0,0.9534246575342465
454,2006,0.23704858744944268,0.06506052517295347,1.4133874140069393,False,1.0,1.0,1.0,0.8829975825946818,1.0,0.9352739726027397,1.0,0.9086220789685737,1.0,1.0,1.0,0.8829975825946818
455,2024,9.298739702761576,0.07153797498160583,1.0611447686014093,False,1.0,1.0,1.0,0.9408550305368049,1.0,0.9729052823315119,1.0,0.9617486338797814,1.0,1.0,1.0,0.9408550305368049
456,2012,12.54299626436663,0.031677692696295334,1.0019470731905664,False,1.0,1.0,1.0,0.9967855994856959,1.0,0.9984061930783242,1.0,0.9977499196399872,1.0,1.0,1.0,0.9967855994856959
457,2005,5.015388400760884,0.04706540964823438,1.2011854415860919,False,1.0,1.0,1.0,0.9181305398871877,1.0,0.9651826484018264,1.0,0.9508460918614021,1.0,1.0,1.0,0.9181305398871877
458,2017,9.788508776506228,0.03772344768259104,1.45665914841614,True,0.9424657534246575,0.9424657534246575,0.9257425742574258,0.7974214343271555,0.9424657534246575,0.8327625570776256,0.9257425742574258,0.787590652699436,1.0,1.0,0.9257425742574258,0.7974214343271555
459,2023,14.259972622042286,0.06004381328592784,1.2283727991769995,False,1.0,1.0,1.0,0.9037872683319903,1.0,0.9525114155251142,1.0,0.9329572925060435,1.0,1.0,1.0,0.9037872683319903
460,2023,0.47371996039497766,0.05685192821261595,1.116276131221532,False,1.0,1.0,1.0,0.9882352941176471,0.9994520547945206,0.9938356164383562,0.999009900990099,0.9912973408541499,1.0,1.0,1.0,0.9882352941176471
461,2006,13.299683371917322,0.049570268004126936,1.3864475435474288,False,1.0,1.0,1.0,0.8863819500402901,1.0,0.9149543378995434,1.0,0.8799355358581789,1.0,1.0,1.0,0.8863819500402901
462,2012,7.4138966521779395,0.07165317011125963,1.4115338082842075,False,1.0,1.0,1.0,0.8502089360334297,1.0,0.9157559198542805,1.0,0.881067180970749,1.0,1.0,1.0,0.8502089360334297
463,2012,14.393943930892421,0.07590945744771893,1.2856065956759988,False,1.0,1.0,1.0,0.8812279009964642,1.0,0.936247723132969,1.0,0.9099967855994857,1.0,1.0,1.0,0.8812279009964642
464,2022,8.405608439518096,0.037313180417657126,1.1206571689887643,True,0.9342465753424658,0.9342465753424658,0.9108910891089109,0.857856567284448,0.9342465753424658,0.9044520547945205,0.9108910891089109,0.8921837228041901,1.0,1.0,0.9108910891089109,0.857856567284448
465,2022,9.45227953911577,0.045715575095054986,1.232200813158596,False,1.0,1.0,1.0,0.9005640612409347,1.0,0.9382420091324201,0.999009900990099,0.9128122481869461,1.0,1.0,1.0,0.9005640612409347
466,2009,2.975744449222921,0.06559910068976915,1.2874345210138671,False,1.0,1.0,1.0,0.9053988718775181,1.0,0.9575342465753425,1.0,0.9400483481063658,1.0,1.0,1.0,0.9053988718775181
467,2021,4.36575528675975,0.06376462757595824,1.3993749138808804,False,1.0,1.0,1.0,0.8800966962127317,1.0,0.9271689497716895,1.0,0.8971796937953264,1.0,1.0,1.0,0.8800966962127317
468,2008,14.896482940764539,0.06883494102257422,1.3722898797590168,False,1.0,1.0,0.9970149253731343,0.8813886210221794,0.9994535519125683,0.9264571948998178,0.9990049751243781,0.8961748633879781,1.0,1.0,0.9970149253731343,0.8813886210221794
469,2021,13.90423499598768,0.05392795497657425,1.0529711784954807,False,1.0,1.0,1.0,0.9808219178082191,0.9994520547945206,0.9896118721461187,0.999009900990099,0.985334407735697,1.0,1.0,1.0,0.9808219178082191
470,2011,5.94829084243271,0.034758861091437214,1.2458051671487271,False,1.0,1.0,1.0,0.8879935535858179,1.0,0.9409817351598173,1.0,0.9166800966962128,1.0,1.0,1.0,0.8879935535858179
471,2021,13.427461766606093,0.05448924387440693,1.2336366839461672,False,1.0,1.0,1.0,0.9105560032232071,1.0,0.9579908675799087,1.0,0.9406929895245769,1.0,1.0,1.0,0.9105560032232071
472,2016,5.979672312801227,0.054919947725384846,1.2504916055158883,False,1.0,1.0,1.0,0.8921568627450981,1.0,0.9408014571948998,0.9990147783251232,0.9164255866280938,1.0,1.0,1.0,0.8921568627450981
473,2013,12.26752964937121,0.04048270965087157,1.4002885587576603,False,1.0,1.0,0.9980099502487563,0.8899274778404512,0.9989041095890411,0.9149543378995434,0.9970149253731343,0.8799355358581789,1.0,1.0,0.9980099502487563,0.8899274778404512
474,2010,8.740236925961382,0.06435033931560336,1.1193926646793417,False,1.0,1.0,1.0,0.914262691377921,1.0,0.9650684931506849,1.0,0.9506849315068493,1.0,1.0,1.0,0.914262691377921
475,2008,3.8268698408645085,0.07691878807497153,1.1906537692282173,False,1.0,1.0,0.9990049751243781,0.942462230793957,0.9994535519125683,0.9780282331511839,0.9980099502487563,0.9689810350369656,1.0,1.0,0.9990049751243781,0.942462230793957
476,2009,13.12276273207745,0.06917949317210978,1.0160746975502806,False,1.0,1.0,1.0,0.9946817082997582,1.0,0.9972602739726028,1.0,0.9961321514907333,1.0,1.0,1.0,0.9946817082997582
477,2024,13.061000599767958,0.05196442564027269,1.1939320125413102,False,1.0,1.0,1.0,0.9294439087110254,1.0,0.9689207650273224,1.0,0.9561234329797492,1.0,1.0,1.0,0.9294439087110254
478,2016,7.0260797942351,0.03379688106911794,1.0851957545793125,False,1.0,1.0,0.9970443349753695,0.9593378334940533,0.9994535519125683,0.9913479052823315,0.9990147783251232,0.9877852780456445,1.0,1.0,0.9970443349753695,0.9593378334940533
479,2019,14.579915140526555,0.03498022273602959,1.069749423981095,False,1.0,1.0,1.0,0.9788879935535858,1.0,0.9883561643835617,1.0,0.9835616438356164,1.0,1.0,1.0,0.9788879935535858
480,2024,7.5476779008733175,0.020728454055322615,1.278243045255397,False,1.0,1.0,1.0,0.8936033429765349,1.0,0.9229280510018215,1.0,0.8911925425908068,1.0,1.0,1.0,0.8936033429765349
481,2009,12.111710646152321,0.04462048153394249,1.0839689902994318,False,1.0,1.0,1.0,0.990491539081386,1.0,0.9950913242009133,1.0,0.9930701047542304,1.0,1.0,1.0,0.990491539081386
482,2021,2.049949811682454,0.07357429972176098,1.0013536368378935,False,1.0,1.0,1.0,0.9956486704270749,1.0,0.9979452054794521,1.0,0.9970991136180499,1.0,1.0,1.0,0.9956486704270749
483,2020,8.325634275788216,0.03632271135066016,1.2300187424516063,False,1.0,1.0,0.9990049751243781,0.9088717454194792,0.9994535519125683,0.9278233151183971,0.9990049751243781,0.8981035036965606,1.0,1.0,0.9990049751243781,0.9088717454194792
484,2006,10.600438819698388,0.025586559851511856,1.4222043070827866,False,1.0,1.0,1.0,0.8958904109589041,1.0,0.9253424657534246,1.0,0.8946011281224818,1.0,1.0,1.0,0.8958904109589041
485,2015,11.47218000916693,0.06696568088336614,1.103136451702673,False,1.0,1.0,0.9960199004975124,0.9813053988718775,0.9989041095890411,0.989041095890411,0.9980099502487563,0.9845286059629331,1.0,1.0,0.9960199004975124,0.9813053988718775
486,2020,0.4940402204754074,0.0634407351310609,1.4186917391527127,True,0.8989071038251366,0.8989071038251366,0.9393034825870646,0.8045644487303117,0.898360655737705,0.837431693989071,0.9373134328358209,0.8121182899389264,1.0,1.0,0.9393034825870646,0.8045644487303117
487,2013,13.04526443560448,0.06044918403763788,1.262546616672432,False,1.0,1.0,0.9960199004975124,0.8978243352135374,0.9989041095890411,0.9458904109589041,0.9980099502487563,0.9236099919419822,1.0,1.0,0.9960199004975124,0.8978243352135374
488,2020,13.786644968499077,0.03894586867076547,1.036227486797936,False,1.0,1.0,1.0,0.989713918354227,0.9994535519125683,0.994535519125683,0.9990049751243781,0.9922854387656702,1.0,1.0,1.0,0.989713918354227
489,2015,10.130167060142826,0.07946001488458931,1.080891228896133,False,1.0,1.0,0.9970149253731343,0.9817888799355359,0.9994520547945206,0.9896118721461187,0.9990049751243781,0.985334407735697,1.0,1.0,0.9970149253731343,0.9817888799355359
490,2013,13.311343472051046,0.0652454336111344,1.1773626605982752,False,1.0,1.0,0.9970149253731343,0.9414987912973408,0.9989041095890411,0.9803652968036529,0.9980099502487563,0.9722804190169219,1.0,1.0,0.9970149253731343,0.9414987912973408
491,2016,3.896133781299554,0.027016833985352498,1.0516614288542458,False,1.0,1.0,1.0,0.9951783992285439,1.0,0.9977231329690346,1.0,0.9967855994856959,1.0,1.0,1.0,0.9951783992285439
492,2015,5.2711627709930715,0.061513105562354176,1.3434247828832335,False,1.0,1.0,0.9970149253731343,0.8947622884770347,0.9994520547945206,0.9208904109589041,0.9970149253731343,0.8883158742949234,1.0,1.0,0.9970149253731343,0.8947622884770347
493,2016,5.781213471621319,0.024508364475931778,1.3699155470192523,False,1.0,1.0,0.9980295566502463,0.8892639022822244,1.0,0.9344262295081968,0.9990147783251232,0.9074252651880425,1.0,1.0,0.9980295566502463,0.8892639022822244
494,2023,12.698973244317253,0.05760596385962964,1.1766447747184734,False,1.0,1.0,1.0,0.9419822723609992,1.0,0.9791095890410959,0.999009900990099,0.9705076551168412,1.0,1.0,1.0,0.9419822723609992
495,2020,14.973427216767808,0.023678243946406538,1.2979289753654926,False,1.0,1.0,1.0,0.8998714239794279,0.9994535519125683,0.9266848816029144,0.9980099502487563,0.8964963034394086,1.0,1.0,1.0,0.8998714239794279
496,2020,3.671475653341651,0.06386179238890463,1.0919040619392502,False,1.0,1.0,0.9990049751243781,0.9873031179684989,1.0,0.9931693989071039,1.0,0.9903567984570878,1.0,1.0,0.9990049751243781,0.9873031179684989
497,2005,13.098599045308212,0.02239678793705759,1.0141461528190572,False,1.0,1.0,1.0,0.9917808219178083,1.0,0.9957762557077625,1.0,0.9940370668815471,1.0,1.0,1.0,0.9917808219178083
498,2005,4.238016019300666,0.04607625054085792,1.4616562811551272,False,1.0,1.0,1.0,0.863013698630137,1.0,0.9213470319634703,1.0,0.8889605157131346,1.0,1.0,1.0,0.863013698630137
499,2018,0.8108146742789879,0.07884544807450113,1.3695373145082061,False,1.0,1.0,1.0,0.8799355358581789,0.9994520547945206,0.935958904109589,1.0,0.9095890410958904,1.0,1.0,1.0,0.8799355358581789
500,2018,3.29990158990892,0.06418124582882133,1.1109770197804745,False,1.0,1.0,1.0,0.9726027397260274,0.9994520547945206,0.9844748858447488,0.999009900990099,0.9780821917808219,1.0,1.0,1.0,0.9726027397260274
501,2015,12.396158249590638,0.05859005261240331,1.3249137112816392,False,1.0,1.0,0.9970149253731343,0.8797743755036261,0.9983561643835617,0.9345890410958904,0.9970149253731343,0.9076551168412571,1.0,1.0,0.9970149253731343,0.8797743755036261
502,2014,5.57566889744301,0.06721646814872742,1.216499107584907,False,1.0,1.0,1.0,0.9049153908138597,1.0,0.9602739726027397,1.0,0.9439161966156325,1.0,1.0,1.0,0.9049153908138597
503,2020,3.1414092218914336,0.03395318091222055,1.032104425782732,False,1.0,1.0,1.0,0.9946962391513983,0.9994535519125683,0.9969262295081968,0.9990049751243781,0.9956605593056895,1.0,1.0,1.0,0.9946962391513983
504,2009,5.647041516095489,0.04587909689094748,1.407522411704047,False,1.0,1.0,1.0,0.8749395648670427,1.0,0.9292237442922374,1.0,0.9000805801772764,1.0,1.0,1.0,0.8749395648670427
505,2015,14.093172611693149,0.04590086487062148,1.3738948615733324,False,1.0,1.0,0.9970149253731343,0.8817082997582595,0.9994520547945206,0.9133561643835616,0.9970149253731343,0.87767929089444,1.0,1.0,0.9970149253731343,0.8817082997582595
506,2020,6.216409066622112,0.03906334008855763,1.0521251081400007,False,1.0,1.0,0.9990049751243781,0.9832851173256187,0.9994535519125683,0.99408014571949,0.9990049751243781,0.9916425586628094,1.0,1.0,0.9990049751243781,0.9832851173256187
507,2021,6.1566221033317,0.0758426708723388,1.0181111655226518,False,1.0,1.0,1.0,0.9882352941176471,1.0,0.9934931506849315,1.0,0.9908138597904915,1.0,1.0,1.0,0.9882352941176471
508,2007,6.866027799751159,0.03497289055632322,1.0592426261774008,False,1.0,1.0,1.0,0.9703464947622885,1.0,0.9932648401826484,1.0,0.990491539081386,1.0,1.0,1.0,0.9703464947622885
509,2007,6.019595030732944,0.020059399635583168,1.0809346803143705,True,0.9287671232876712,0.9287671232876712,0.9108910891089109,0.898146655922643,0.9287671232876712,0.9207762557077626,0.9108910891089109,0.9174858984689767,1.0,1.0,0.9108910891089109,0.898146655922643
510,2011,8.22596604052077,0.021453761245255092,1.4706834506351234,False,1.0,1.0,1.0,0.8267526188557615,1.0,0.8940639269406393,1.0,0.8504431909750202,1.0,1.0,1.0,0.8267526188557615
511,2011,1.902881219425752,0.07887659143959636,1.308830120084998,False,1.0,1.0,1.0,0.9024979854955681,1.0,0.954337899543379,1.0,0.935535858178888,1.0,1.0,1.0,0.9024979854955681
512,2015,1.3265815391198217,0.03224078879324245,1.3115357517810178,False,1.0,1.0,0.9980099502487563,0.9079774375503626,0.9989041095890411,0.9575342465753425,0.9970149253731343,0.9400483481063658,1.0,1.0,0.9980099502487563,0.9079774375503626
513,2024,5.759277202157673,0.02895366370641539,1.4985345055381218,False,1.0,1.0,1.0,0.8325297332047573,1.0,0.9047131147540983,1.0,0.8654773384763742,1.0,1.0,1.0,0.8325297332047573
514,2018,14.518600972250402,0.07537186177551143,1.2839056926771717,False,1.0,1.0,1.0,0.8717163577759871,0.9994520547945206,0.9304794520547945,0.999009900990099,0.901853344077357,1.0,1.0,1.0,0.8717163577759871
515,2017,2.2377627582952253,0.060410822883514625,1.228123653693841,False,1.0,1.0,1.0,0.9389202256244964,1.0,0.9726027397260274,1.0,0.9613215149073328,1.0,1.0,1.0,0.9389202256244964
516,2021,12.815891864902477,0.06253172470644874,1.4996950182572635,True,0.9671232876712329,0.9671232876712329,0.9554455445544554,0.8317485898468977,0.9671232876712329,0.8851598173515982,0.9544554455445544,0.8514101531023368,1.0,1.0,0.9554455445544554,0.8317485898468977
517,2007,0.8998625187802239,0.06104000621366337,1.294073174057035,False,1.0,1.0,1.0,0.9186140209508461,1.0,0.9597031963470319,1.0,0.9431103948428686,1.0,1.0,1.0,0.9186140209508461
518,2018,10.459234439799584,0.03245823032563518,1.2815677717925549,False,1.0,1.0,1.0,0.9139403706688155,0.9994520547945206,0.9541095890410959,0.999009900990099,0.9352135374697824,1.0,1.0,1.0,0.9139403706688155
519,2023,7.0768726109077065,0.02515317256625437,1.1223135663795143,True,0.8876712328767123,0.8876712328767123,0.8564356435643564,0.8367445608380338,0.8876712328767123,0.8659817351598174,0.8564356435643564,0.8570507655116841,1.0,1.0,0.8564356435643564,0.8367445608380338
520,2021,12.22313914028059,0.037016068976334436,1.2091386596141833,False,1.0,1.0,1.0,0.9389202256244964,1.0,0.9765981735159818,1.0,0.9669621273166801,1.0,1.0,1.0,0.9389202256244964
521,2009,11.975262191397917,0.0725176690190509,1.0767889334738783,False,1.0,1.0,1.0,0.9845286059629331,1.0,0.9916666666666667,1.0,0.9882352941176471,1.0,1.0,1.0,0.9845286059629331
522,2008,13.700716598431521,0.040182865283402404,1.0785127486670965,True,0.9590163934426229,0.9590163934426229,0.9422885572139303,0.9466409514625522,0.9584699453551913,0.9524134790528234,0.9432835820895522,0.9496946319511411,1.0,1.0,0.9422885572139303,0.9466409514625522
523,2018,11.958932884083412,0.026045691267282383,1.2960893717528348,False,1.0,1.0,0.999009900990099,0.8847703464947623,1.0,0.9364155251141553,1.0,0.9102336825141015,1.0,1.0,0.999009900990099,0.8847703464947623
524,2023,8.144125586586112,0.03700793301460145,1.2869226510122989,False,1.0,1.0,1.0,0.8862207896857373,1.0,0.9343607305936074,1.0,0.9073327961321515,1.0,1.0,1.0,0.8862207896857373
525,2010,9.762183975660522,0.07583565625261424,1.2528623497270623,False,1.0,1.0,1.0,0.8896051571313457,1.0,0.9376712328767123,1.0,0.9120064464141822,1.0,1.0,1.0,0.8896051571313457
526,2014,9.808581459315949,0.06296785645957029,1.4375499485307364,False,1.0,1.0,1.0,0.84464141821112,1.0,0.8876712328767123,1.0,0.8414182111200644,1.0,1.0,1.0,0.84464141821112
527,2021,1.4926446429818574,0.023981168226234865,1.120646725844765,True,0.9287671232876712,0.9287671232876712,0.900990099009901,0.9176470588235294,0.9287671232876712,0.9224885844748858,0.900990099009901,0.9199033037872684,1.0,1.0,0.900990099009901,0.9176470588235294
528,2023,9.156109791502098,0.06931284324631173,1.1547717540688138,False,1.0,1.0,0.999009900990099,0.885737308622079,1.0,0.9388127853881278,1.0,0.91361804995971,1.0,1.0,0.999009900990099,0.885737308622079
529,2008,8.445161401295385,0.05930683348548589,1.1050435619117667,False,1.0,1.0,0.9990049751243781,0.9255866280938605,0.9994535519125683,0.970856102003643,0.9980099502487563,0.9588556734169077,1.0,1.0,0.9990049751243781,0.9255866280938605
530,2020,12.438317118046788,0.034691284831622954,1.3728375003301498,True,0.907103825136612,0.907103825136612,0.8756218905472637,0.8167791706846673,0.907103825136612,0.8395947176684881,0.8756218905472637,0.811796849887496,1.0,1.0,0.8756218905472637,0.8167791706846673
531,2018,1.6612547759460239,0.06505018000618774,1.1464679532519186,False,1.0,1.0,1.0,0.9726027397260274,0.9994520547945206,0.9841324200913242,0.999009900990099,0.9777598710717164,1.0,1.0,1.0,0.9726027397260274
532,2016,11.431095315452641,0.036716363158007054,1.354472259510809,False,1.0,1.0,0.9990147783251232,0.8860495017679203,0.9994535519125683,0.9404599271402551,0.9980295566502463,0.9159434265509483,1.0,1.0,0.9990147783251232,0.8860495017679203
533,2009,4.892439630053491,0.04359500806404,1.3711663274269732,False,1.0,1.0,1.0,0.8963738920225625,1.0,0.9333333333333333,1.0,0.9058823529411765,1.0,1.0,1.0,0.8963738920225625
534,2006,8.560959091803694,0.028477356025226032,1.1334668244688642,False,1.0,1.0,1.0,0.909911361804996,1.0,0.9636986301369863,1.0,0.948751007252216,1.0,1.0,1.0,0.909911361804996
535,2005,5.669830097958506,0.023867445947294525,1.1269455439611928,False,1.0,1.0,1.0,0.9514907332796132,1.0,0.9851598173515982,1.0,0.9790491539081386,1.0,1.0,1.0,0.9514907332796132
536,2017,14.780468432523332,0.05706715618331325,1.0024924826472366,False,1.0,1.0,0.999009900990099,0.980983078162772,1.0,0.9888127853881279,0.999009900990099,0.9842062852538276,1.0,1.0,0.999009900990099,0.980983078162772
537,2016,5.695789897224986,0.06588345314850548,1.22369203640206,False,1.0,1.0,0.9980295566502463,0.8998714239794279,0.9994535519125683,0.957308743169399,0.9990147783251232,0.9397299903567985,1.0,1.0,0.9980295566502463,0.8998714239794279
538,2017,14.631064857393323,0.058551553273312004,1.4593323075306475,False,1.0,1.0,0.999009900990099,0.8485092667203867,0.9994520547945206,0.9114155251141552,0.999009900990099,0.8749395648670427,1.0,1.0,0.999009900990099,0.8485092667203867
539,2009,1.4631706015947399,0.06697028930334706,1.307303109626213,False,1.0,1.0,1.0,0.9139403706688155,1.0,0.9611872146118722,1.0,0.9452054794520548,1.0,1.0,1.0,0.9139403706688155
540,2022,9.26020649888529,0.0329342426198131,1.134949671978171,False,1.0,1.0,1.0,0.9015310233682514,1.0,0.9598173515981735,1.0,0.9432715551974215,1.0,1.0,1.0,0.9015310233682514
541,2021,3.667137637287593,0.04243531041759341,1.2230158596149456,False,1.0,1.0,1.0,0.9197421434327155,1.0,0.9634703196347032,1.0,0.9484286865431104,1.0,1.0,1.0,0.9197421434327155
542,2013,2.7291443291512896,0.04690749573613148,1.0081285549463592,False,1.0,1.0,0.9960199004975124,0.9916196615632554,0.9989041095890411,0.9952054794520548,0.9970149253731343,0.9932312651087832,1.0,1.0,0.9960199004975124,0.9916196615632554
543,2006,10.85339031137705,0.07440843521633302,1.1687448531922193,False,1.0,1.0,1.0,0.9684125705076552,1.0,0.98162100456621,1.0,0.9740531829170024,1.0,1.0,1.0,0.9684125705076552
544,2021,9.132117138083913,0.03331713508682403,1.056953627409511,False,1.0,1.0,1.0,0.9455278001611603,0.9994520547945206,0.9795662100456621,0.999009900990099,0.9711522965350524,1.0,1.0,1.0,0.9455278001611603
545,2011,11.414294692755057,0.032315591027912136,1.2268070892273109,False,1.0,1.0,1.0,0.9406929895245769,1.0,0.9803652968036529,1.0,0.9722804190169219,1.0,1.0,1.0,0.9406929895245769
546,2020,13.786306919528336,0.07496349987810966,1.42513119256799,False,1.0,1.0,1.0,0.8641915782706525,0.9994535519125683,0.9167805100182149,0.9980099502487563,0.8825136612021858,1.0,1.0,1.0,0.8641915782706525
547,2007,0.7121024614964155,0.04341656850634059,1.1288435456364987,False,1.0,1.0,1.0,0.9863013698630136,1.0,0.9931506849315068,1.0,0.9903303787268332,1.0,1.0,1.0,0.9863013698630136
548,2014,14.29805661762973,0.07756275633891387,1.3804194201606035,False,1.0,1.0,1.0,0.8854149879129735,1.0,0.922945205479452,1.0,0.8912167606768735,1.0,1.0,1.0,0.8854149879129735
549,2006,4.9721148548868594,0.031201527096875917,1.4688527162679899,False,1.0,1.0,1.0,0.8565672844480258,1.0,0.9186073059360731,1.0,0.8850926672038678,1.0,1.0,1.0,0.8565672844480258
550,2018,3.8277976844031327,0.05938692308397091,1.2256494591716527,False,1.0,1.0,1.0,0.9118452860596293,1.0,0.9560502283105022,0.999009900990099,0.9379532634971797,1.0,1.0,1.0,0.9118452860596293
551,2008,10.099924611029326,0.03637015860058744,1.0810899674718923,False,1.0,1.0,0.9990049751243781,0.9916425586628094,0.9994535519125683,0.9954462659380692,0.9990049751243781,0.9935711989713918,1.0,1.0,0.9990049751243781,0.9916425586628094
552,2008,4.9687659046699215,0.03142517027998097,1.0965037680793832,False,1.0,1.0,0.9990049751243781,0.9757312761170042,0.9994535519125683,0.9943078324225865,0.9980099502487563,0.9919639987142398,1.0,1.0,0.9990049751243781,0.9757312761170042
553,2010,10.333455119832527,0.04560773729986269,1.4505526565753384,True,0.9780821917808219,0.9780821917808219,0.9702970297029703,0.8731668009669621,0.9780821917808219,0.8984018264840182,0.9702970297029703,0.8655922643029814,1.0,1.0,0.9702970297029703,0.8731668009669621
554,2010,11.415323594722448,0.023409060703998886,1.3884535274784153,False,1.0,1.0,1.0,0.8826752618855761,1.0,0.9272831050228311,1.0,0.8973408541498791,1.0,1.0,1.0,0.8826752618855761
555,2019,4.5500644902329785,0.07976094530615162,1.0318317946594318,False,1.0,1.0,1.0,0.9892022562449637,1.0,0.993607305936073,1.0,0.9909750201450443,1.0,1.0,1.0,0.9892022562449637
556,2013,11.026206663928008,0.07150606910439095,1.0918960349280542,True,0.9260273972602739,0.9260273972602739,0.8975124378109453,0.9049153908138597,0.924931506849315,0.9139269406392694,0.8985074626865671,0.9089443996776793,1.0,1.0,0.8975124378109453,0.9049153908138597
557,2011,1.8568099667570652,0.03990495874755337,1.0351166854433516,True,0.8931506849315068,0.8931506849315068,0.8564356435643564,0.8884770346494762,0.8931506849315068,0.8909817351598174,0.8564356435643564,0.8900886381950041,1.0,1.0,0.8564356435643564,0.8884770346494762
558,2014,14.733460462103775,0.028554276939626828,1.3574621514480953,False,1.0,1.0,1.0,0.8807413376309428,1.0,0.9158675799086758,1.0,0.8812248186946011,1.0,1.0,1.0,0.8807413376309428
559,2011,10.359706096577304,0.031313604718073484,1.0383193307254408,False,1.0,1.0,1.0,0.9930701047542304,1.0,0.9962328767123287,1.0,0.9946817082997582,1.0,1.0,1.0,0.9930701047542304
560,2010,10.079768064869121,0.07907510249259686,1.339005777085898,True,0.8986301369863013,0.8986301369863013,0.9653465346534653,0.8059629331184529,0.8986301369863013,0.851027397260274,0.9653465346534653,0.831426269137792,1.0,1.0,0.9653465346534653,0.8059629331184529
561,2019,0.06545432272073048,0.07622090005257581,1.1286653435974916,False,1.0,1.0,1.0,0.983883964544722,1.0,0.9908675799086758,1.0,0.9871071716357775,1.0,1.0,1.0,0.983883964544722
562,2012,2.606653316735861,0.02483269680278679,1.3635054529806778,False,1.0,1.0,1.0,0.9091931854709097,1.0,0.9343123861566485,1.0,0.9072645451623272,1.0,1.0,1.0,0.9091931854709097
563,2007,4.32477851715703,0.021611346615585676,1.2767156849434917,False,1.0,1.0,1.0,0.891539081385979,1.0,0.945662100456621,1.0,0.9232876712328767,1.0,1.0,1.0,0.891539081385979
564,2007,9.718162213276058,0.05330061475639432,1.0470496533181124,False,1.0,1.0,1.0,0.9442385173247381,1.0,0.977054794520548,1.0,0.9676067687348913,1.0,1.0,1.0,0.9442385173247381
565,2016,11.422616217298453,0.07500081706996203,1.3246963085538703,False,1.0,1.0,1.0,0.8942462230793957,0.9994535519125683,0.9453551912568307,0.9980295566502463,0.922854387656702,1.0,1.0,1.0,0.8942462230793957
566,2023,6.250561546236948,0.023754266950769563,1.0547436628504077,True,0.947945205479452,0.947945205479452,0.9356435643564357,0.9319903303787268,0.947945205479452,0.9425799086757991,0.9356435643564357,0.9403706688154714,1.0,1.0,0.9356435643564357,0.9319903303787268
567,2019,11.859732099007424,0.028786170473418773,1.3739508010740877,False,1.0,1.0,1.0,0.8797743755036261,1.0,0.9232876712328767,1.0,0.8917002417405319,1.0,1.0,1.0,0.8797743755036261
568,2017,4.20882930799124,0.036454732113086176,1.4059350765937928,False,1.0,1.0,1.0,0.8860596293311845,1.0,0.9294520547945205,1.0,0.900402900886382,1.0,1.0,1.0,0.8860596293311845
569,2005,10.433280456189621,0.06847003458237692,1.3385879808316619,False,1.0,1.0,1.0,0.8992747784045125,1.0,0.9511415525114155,1.0,0.9310233682514102,1.0,1.0,1.0,0.8992747784045125
570,2010,7.2526746150552155,0.02672738980834333,1.2591521379225827,True,0.9671232876712329,0.9671232876712329,0.9603960396039604,0.8823529411764706,0.9671232876712329,0.8980593607305936,0.9603960396039604,0.8696212731668009,1.0,1.0,0.9603960396039604,0.8823529411764706
571,2005,14.311624186050114,0.041312259415760465,1.161040303148018,False,1.0,1.0,1.0,0.9408541498791297,1.0,0.9779680365296803,1.0,0.9688960515713134,1.0,1.0,1.0,0.9408541498791297
572,2007,8.444488670023327,0.03799549434967373,1.0574173372159745,False,1.0,1.0,1.0,0.948751007252216,1.0,0.9834474885844748,1.0,0.9766317485898469,1.0,1.0,1.0,0.948751007252216
573,2010,12.028602502361224,0.04835441065442431,1.4856795120427542,False,1.0,1.0,1.0,0.868170829975826,1.0,0.9204337899543379,1.0,0.8876712328767123,1.0,1.0,1.0,0.868170829975826
574,2011,4.063805900794687,0.022238617544175658,1.4020005801315338,False,1.0,1.0,1.0,0.8881547139403707,1.0,0.9339041095890411,1.0,0.9066881547139404,1.0,1.0,1.0,0.8881547139403707
575,2021,8.47974820507415,0.024759013950886893,1.3480581788065065,True,0.936986301369863,0.936986301369863,0.9257425742574258,0.8048348106365834,0.936986301369863,0.8642694063926941,0.9257425742574258,0.8343271555197421,1.0,1.0,0.9257425742574258,0.8048348106365834
576,2021,3.421191119346247,0.06580467762395477,1.4757710965751412,False,1.0,1.0,1.0,0.8670427074939565,1.0,0.9207762557077626,1.0,0.8881547139403707,1.0,1.0,1.0,0.8670427074939565
577,2011,14.395218287611904,0.058499624321795424,1.354963189071291,False,1.0,1.0,1.0,0.8876712328767123,1.0,0.9165525114155251,1.0,0.8821917808219178,1.0,1.0,1.0,0.8876712328767123
578,2016,7.2520297702154615,0.039429620147804954,1.0526287968915584,False,1.0,1.0,0.9980295566502463,0.9734811957569913,0.9994535519125683,0.995332422586521,0.9980295566502463,0.9934104789456766,1.0,1.0,0.9980295566502463,0.9734811957569913
579,2021,0.5041495377937638,0.025653791866766015,1.0953635786613591,False,1.0,1.0,1.0,0.9903303787268332,1.0,0.9953196347031964,1.0,0.9933924254633361,1.0,1.0,1.0,0.9903303787268332
580,2005,6.315823694935681,0.0460024349875645,1.1763724359291468,False,1.0,1.0,1.0,0.915068493150685,1.0,0.9641552511415525,1.0,0.949395648670427,1.0,1.0,1.0,0.915068493150685
581,2017,8.685399122985777,0.04921892493829971,1.4831484436302094,False,1.0,1.0,1.0,0.8433521353746978,0.9994520547945206,0.8853881278538813,0.999009900990099,0.8381950040290088,1.0,1.0,1.0,0.8433521353746978
582,2024,7.188339193334664,0.0765505557991884,1.159586985883665,False,1.0,1.0,1.0,0.9083895853423336,1.0,0.9615209471766849,1.0,0.945676631308261,1.0,1.0,1.0,0.9083895853423336
583,2014,14.99113388081507,0.02284182639795728,1.0309427385127883,True,0.9260273972602739,0.9260273972602739,0.904,0.915068493150685,0.9260273972602739,0.920662100456621,0.904,0.9184528605962933,1.0,1.0,0.904,0.915068493150685
584,2006,14.000825352673958,0.05276324400488479,1.3083194656979753,False,1.0,1.0,1.0,0.8799355358581789,1.0,0.9260273972602739,1.0,0.8955680902497986,1.0,1.0,1.0,0.8799355358581789
585,2014,11.061906677877232,0.02513345846110359,1.155611554602112,True,0.9397260273972603,0.9397260273972603,0.955,0.9266720386784851,0.9397260273972603,0.9333333333333333,0.955,0.9307010475423045,1.0,1.0,0.955,0.9266720386784851
586,2020,12.020233971329084,0.07081245218683475,1.2032511018835552,False,1.0,1.0,0.9990049751243781,0.9366763098682096,0.9994535519125683,0.975523679417122,0.9980099502487563,0.9654451944712311,1.0,1.0,0.9990049751243781,0.9366763098682096
587,2019,7.597099657475689,0.07664873879962796,1.1374854369185583,True,0.958904109589041,0.958904109589041,0.9502487562189055,0.8770346494762289,0.958904109589041,0.9243150684931507,0.9502487562189055,0.9100725221595487,1.0,1.0,0.9502487562189055,0.8770346494762289
588,2012,5.270245249338961,0.0729876129221554,1.1461691135548495,False,1.0,1.0,1.0,0.9469623915139826,1.0,0.9806466302367942,1.0,0.9726775956284153,1.0,1.0,1.0,0.9469623915139826
589,2008,12.326595890598007,0.02621061609860351,1.251497626618801,False,1.0,1.0,0.9990049751243781,0.9262295081967213,0.9994535519125683,0.9685792349726776,0.9970149253731343,0.9556412729026037,1.0,1.0,0.9990049751243781,0.9262295081967213
590,2011,11.932878016361498,0.06643098567914003,1.196355029280462,True,0.9698630136986301,0.9698630136986301,0.9554455445544554,0.91361804995971,0.9698630136986301,0.9497716894977168,0.9554455445544554,0.9414987912973408,1.0,1.0,0.9554455445544554,0.91361804995971
591,2005,4.93415475714739,0.04137904901941636,1.2802997375331961,False,1.0,1.0,1.0,0.8889605157131346,1.0,0.938013698630137,1.0,0.9124899274778404,1.0,1.0,1.0,0.8889605157131346
592,2016,10.004432453451093,0.04077286732166549,1.2925739108206518,False,1.0,1.0,0.9990147783251232,0.9358727097396335,1.0,0.9713114754098361,1.0,0.9594985535197685,1.0,1.0,0.9990147783251232,0.9358727097396335
593,2018,4.720498704556997,0.06164270079116882,1.3237054114380347,False,1.0,1.0,1.0,0.898146655922643,0.9994520547945206,0.9224885844748858,0.998019801980198,0.8905721192586624,1.0,1.0,1.0,0.898146655922643
594,2012,13.390591180658854,0.07130983678905282,1.0815890785320719,False,1.0,1.0,1.0,0.9893924783027965,1.0,0.9941939890710383,1.0,0.9918032786885246,1.0,1.0,1.0,0.9893924783027965
595,2013,6.365046433845173,0.07492381622537791,1.2274626136671527,False,1.0,1.0,0.9970149253731343,0.8855761482675262,0.9989041095890411,0.9420091324200913,0.9980099502487563,0.9181305398871877,1.0,1.0,0.9970149253731343,0.8855761482675262
596,2005,12.994136601239585,0.05340994498224684,1.1013388939338586,False,1.0,1.0,1.0,0.9756647864625302,1.0,0.9856164383561644,1.0,0.9796937953263497,1.0,1.0,1.0,0.9756647864625302
597,2010,8.234670997941901,0.04635632370862951,1.134256823819911,False,1.0,1.0,1.0,0.9103948428686544,1.0,0.9634703196347032,0.999009900990099,0.9484286865431104,1.0,1.0,1.0,0.9103948428686544
598,2012,14.611644284708733,0.06442672128668761,1.4634651812798334,True,0.9726775956284153,0.9726775956284153,0.9655172413793104,0.8325297332047573,0.9726775956284153,0.8921903460837887,0.9655172413793104,0.859048537447766,1.0,1.0,0.9655172413793104,0.8325297332047573
599,2006,9.719450638436825,0.07006536512906938,1.2617119239224461,False,1.0,1.0,1.0,0.8873489121676068,1.0,0.9357305936073059,1.0,0.9092667203867848,1.0,1.0,1.0,0.8873489121676068
600,2018,13.169863214890565,0.05095393377466528,1.1258553208747162,False,1.0,1.0,1.0,0.951651893634166,0.9994520547945206,0.9730593607305936,0.999009900990099,0.9622884770346495,1.0,1.0,1.0,0.951651893634166
601,2019,9.882692227101392,0.050670377750043384,1.0271909870834088,False,1.0,1.0,1.0,0.9527800161160355,1.0,0.9848173515981735,1.0,0.9785656728444803,1.0,1.0,1.0,0.9527800161160355
602,2007,3.4812069100468173,0.06720720272135053,1.028651477270263,False,1.0,1.0,1.0,0.9927477840451249,1.0,0.9962328767123287,1.0,0.9946817082997582,1.0,1.0,1.0,0.9927477840451249
603,2010,5.134036114320342,0.04415678190220697,1.0770954410948157,False,1.0,1.0,1.0,0.984689766317486,1.0,0.9954337899543378,1.0,0.9935535858178888,1.0,1.0,1.0,0.984689766317486
604,2022,1.2953951175239498,0.07545738556457651,1.4108065685057019,False,1.0,1.0,1.0,0.9081385979049154,1.0,0.9309360730593608,1.0,0.9024979854955681,1.0,1.0,1.0,0.9081385979049154
605,2008,14.769110649013946,0.024556901954312448,1.2809704618005888,False,1.0,1.0,0.9980099502487563,0.8821922211507554,0.9994535519125683,0.9378415300546448,0.9980099502487563,0.9122468659594986,1.0,1.0,0.9980099502487563,0.8821922211507554
606,2016,4.835081592120663,0.055774364572875976,1.132016851137807,False,1.0,1.0,0.9980295566502463,0.9639987142397943,0.9994535519125683,0.9933970856102003,0.9990147783251232,0.9906782385085182,1.0,1.0,0.9980295566502463,0.9639987142397943
607,2005,5.46542364713417,0.040200248455842344,1.3395371050597968,False,1.0,1.0,1.0,0.8944399677679291,1.0,0.9243150684931507,1.0,0.8931506849315068,1.0,1.0,1.0,0.8944399677679291
608,2005,4.921512137852994,0.06151277958001694,1.2796211143504759,True,0.9780821917808219,0.9780821917808219,0.9752475247524752,0.868170829975826,0.9780821917808219,0.9157534246575343,0.9752475247524752,0.8900886381950041,1.0,1.0,0.9752475247524752,0.868170829975826
609,2024,11.73425885255339,0.07413819229508165,1.0102214915713754,False,1.0,1.0,1.0,0.9873031179684989,1.0,0.9927140255009107,0.999009900990099,0.989713918354227,1.0,1.0,1.0,0.9873031179684989
610,2010,11.843373060009835,0.03729195807203385,1.375661887895651,False,1.0,1.0,1.0,0.8891216760676873,1.0,0.9333333333333333,1.0,0.9058823529411765,1.0,1.0,1.0,0.8891216760676873
611,2014,9.295719018219359,0.03862175547727177,1.4833819818210163,False,1.0,1.0,1.0,0.8523771152296535,1.0,0.8840182648401826,1.0,0.8362610797743755,1.0,1.0,1.0,0.8523771152296535
612,2015,8.284991253610492,0.05316029387584485,1.216167711383779,False,1.0,1.0,0.9980099502487563,0.9060435132957293,0.9989041095890411,0.9299086757990868,0.9970149253731343,0.901047542304593,1.0,1.0,0.9980099502487563,0.9060435132957293
613,2013,13.63576529697426,0.05385777234976319,1.2210742787322477,False,1.0,1.0,0.9970149253731343,0.9053988718775181,0.9989041095890411,0.9523972602739726,0.9970149253731343,0.9327961321514907,1.0,1.0,0.9970149253731343,0.9053988718775181
614,2006,8.444733630995657,0.06498376104327488,1.3381968883586435,False,1.0,1.0,1.0,0.8625302175664786,1.0,0.922945205479452,1.0,0.8912167606768735,1.0,1.0,1.0,0.8625302175664786
615,2021,3.1296799883399755,0.05529611327630524,1.0012389654285117,False,1.0,1.0,1.0,0.9945205479452055,1.0,0.9974885844748859,1.0,0.9964544721998388,1.0,1.0,1.0,0.9945205479452055
616,2015,1.937044975473049,0.06302341798643267,1.3791497717318184,False,1.0,1.0,0.9980099502487563,0.8946011281224818,0.9994520547945206,0.9289954337899543,0.9980099502487563,0.8997582594681708,1.0,1.0,0.9980099502487563,0.8946011281224818
617,2017,12.813037600424881,0.054230549176735476,1.0003211518499369,False,1.0,1.0,1.0,0.9874294923448832,1.0,0.9926940639269406,1.0,0.9896857373086221,1.0,1.0,1.0,0.9874294923448832
618,2024,8.506640482331886,0.0685961884227025,1.340686358582621,False,1.0,1.0,1.0,0.8608164577306332,1.0,0.9199681238615665,1.0,0.8870138219222115,1.0,1.0,1.0,0.8608164577306332
619,2019,14.386100071199788,0.07927633573474548,1.485630658134434,False,1.0,1.0,1.0,0.836583400483481,1.0,0.9014840182648401,1.0,0.8609186140209508,1.0,1.0,1.0,0.836583400483481
620,2022,9.141440527454511,0.05260108504542546,1.3826882611971636,False,1.0,1.0,1.0,0.843996776792909,1.0,0.9121004566210046,1.0,0.8759065269943593,1.0,1.0,1.0,0.843996776792909
621,2020,13.023586926084866,0.04285642088291804,1.2529822092968286,False,1.0,1.0,0.9980099502487563,0.9116039858566377,0.9994535519125683,0.9582194899817851,0.9970149253731343,0.9410157505625201,1.0,1.0,0.9980099502487563,0.9116039858566377
622,2018,2.302924410669458,0.049063055552087065,1.0243612133763638,True,0.936986301369863,0.936986301369863,0.9148514851485149,0.9255439161966156,0.936986301369863,0.9307077625570777,0.9148514851485149,0.9281224818694601,1.0,1.0,0.9148514851485149,0.9255439161966156
623,2005,10.576889189988329,0.033697802507426336,1.2960884724408903,False,1.0,1.0,1.0,0.9129734085414988,1.0,0.95662100456621,1.0,0.9387590652699436,1.0,1.0,1.0,0.9129734085414988
624,2008,4.553739773915805,0.05264588548893864,1.4429443475721,False,1.0,1.0,0.9990049751243781,0.8699774991963999,0.9994535519125683,0.9246357012750456,0.9980099502487563,0.8936033429765349,1.0,1.0,0.9990049751243781,0.8699774991963999
625,2007,7.064282076852256,0.07985887803102203,1.0572226594855652,False,1.0,1.0,1.0,0.9648670427074939,1.0,0.9896118721461187,1.0,0.985334407735697,1.0,1.0,1.0,0.9648670427074939
626,2011,12.955230591328052,0.04064223009554922,1.259613052144148,False,1.0,1.0,1.0,0.9058823529411765,1.0,0.9537671232876712,1.0,0.934730056406124,1.0,1.0,1.0,0.9058823529411765
627,2005,7.474187380654952,0.057361480661362624,1.2571596665573417,False,1.0,1.0,1.0,0.9036261079774376,1.0,0.9245433789954338,1.0,0.8934730056406124,1.0,1.0,1.0,0.9036261079774376
628,2020,7.558994466453514,0.03106675765321048,1.4866743418729529,False,1.0,1.0,0.9990049751243781,0.8214400514304082,0.9994535519125683,0.8924180327868853,0.9990049751243781,0.8481195756991321,1.0,1.0,0.9990049751243781,0.8214400514304082
629,2020,7.243617485566068,0.03840644501463231,1.3809740892820876,False,1.0,1.0,1.0,0.8595306975249116,1.0,0.9206511839708561,0.9990049751243781,0.8879781420765027,1.0,1.0,1.0,0.8595306975249116
630,2022,4.60577873943763,0.03933918308860531,1.1935085578120919,False,1.0,1.0,1.0,0.939887187751813,1.0,0.9745433789954338,1.0,0.96406124093473,1.0,1.0,1.0,0.939887187751813
631,2013,11.179217582318584,0.06594434645090365,1.3960116214148865,False,1.0,1.0,0.9960199004975124,0.8807413376309428,0.9989041095890411,0.9277397260273973,0.9980099502487563,0.8979854955680903,1.0,1.0,0.9960199004975124,0.8807413376309428
632,2010,10.837167347512057,0.06804277841327161,1.19522325519848,False,1.0,1.0,1.0,0.9540692989524577,1.0,0.9802511415525114,1.0,0.972119258662369,1.0,1.0,1.0,0.9540692989524577
633,2019,4.3889188477368535,0.03968426855365647,1.402995291192769,True,0.9780821917808219,0.9780821917808219,0.9751243781094527,0.8620467365028203,0.9780821917808219,0.9075342465753424,0.9751243781094527,0.8784850926672039,1.0,1.0,0.9751243781094527,0.8620467365028203
634,2014,13.041856848520336,0.07707679685639705,1.2191581547072439,False,1.0,1.0,1.0,0.9216760676873489,1.0,0.9573059360730594,1.0,0.9397260273972603,1.0,1.0,1.0,0.9216760676873489
635,2024,1.950374925268545,0.03320289922859647,1.4677754283696598,True,0.9672131147540983,0.9672131147540983,0.9603960396039604,0.855191256830601,0.9672131147540983,0.9002732240437158,0.9603960396039604,0.8727097396335584,1.0,1.0,0.9603960396039604,0.855191256830601
636,2009,2.984350673897926,0.059362856303670705,1.1637560391565747,False,1.0,1.0,1.0,0.9682514101531023,1.0,0.9929223744292237,1.0,0.9900080580177276,1.0,1.0,1.0,0.9682514101531023
637,2005,9.038351482885531,0.04193019789328144,1.0798692338113547,False,1.0,1.0,1.0,0.9313456889605157,1.0,0.9724885844748858,1.0,0.96116035455278,1.0,1.0,1.0,0.9313456889605157
638,2022,14.464239730561621,0.036650667166040915,1.2254576335810519,False,1.0,1.0,1.0,0.9097502014504432,1.0,0.9600456621004566,1.0,0.943593875906527,1.0,1.0,1.0,0.9097502014504432
639,2013,8.409792610937522,0.06034637433300742,1.3213648653955476,False,1.0,1.0,0.9960199004975124,0.8691377921031427,0.9989041095890411,0.9240867579908676,0.9970149253731343,0.8928283642224013,1.0,1.0,0.9960199004975124,0.8691377921031427
640,2018,1.5958302451861166,0.055931502206021166,1.2078417045732146,False,1.0,1.0,1.0,0.9458501208702659,1.0,0.978310502283105,0.999009900990099,0.9693795326349718,1.0,1.0,1.0,0.9458501208702659
641,2011,12.331909108561602,0.06827276037907683,1.2671892216318053,False,1.0,1.0,1.0,0.9094278807413376,1.0,0.9557077625570777,1.0,0.9374697824335213,1.0,1.0,1.0,0.9094278807413376
642,2006,0.4531492236310569,0.030587608488158398,1.0259025578199368,False,1.0,1.0,1.0,0.9977437550362611,1.0,0.9990867579908675,1.0,0.9987107171635777,1.0,1.0,1.0,0.9977437550362611
643,2010,5.84001008387475,0.07155070872181382,1.148664763053266,False,1.0,1.0,1.0,0.945044319097502,1.0,0.9771689497716894,1.0,0.967767929089444,1.0,1.0,1.0,0.945044319097502
644,2012,4.638745895042342,0.03905931324831245,1.0414681114340865,False,1.0,1.0,1.0,0.9954998392799743,1.0,0.9974954462659381,1.0,0.9964641594342655,1.0,1.0,1.0,0.9954998392799743
645,2022,13.192002833848145,0.03276048240560184,1.454172837770798,False,1.0,1.0,1.0,0.8855761482675262,1.0,0.9327625570776256,1.0,0.9050765511684126,1.0,1.0,1.0,0.8855761482675262
646,2013,10.191762499439118,0.04518863366334715,1.1056104972189824,False,1.0,1.0,0.9960199004975124,0.9827558420628525,0.9989041095890411,0.9904109589041096,0.9980099502487563,0.9864625302175665,1.0,1.0,0.9960199004975124,0.9827558420628525
647,2024,8.637324076055252,0.05664947302795818,1.1481273676896526,False,1.0,1.0,1.0,0.896817743490839,1.0,0.9553734061930783,1.0,0.93699774991964,1.0,1.0,1.0,0.896817743490839
648,2012,11.860103874669145,0.039322044891863125,1.285757900672638,False,1.0,1.0,1.0,0.9024429443908711,1.0,0.9495673952641166,1.0,0.9288010286081646,1.0,1.0,1.0,0.9024429443908711
649,2022,11.06785772040612,0.04554275142481503,1.2435227466895784,False,1.0,1.0,1.0,0.947945205479452,1.0,0.9821917808219178,1.0,0.9748589846897663,1.0,1.0,1.0,0.947945205479452
650,2006,1.418330259950944,0.07713715445301911,1.3075677949942106,False,1.0,1.0,1.0,0.9097502014504432,1.0,0.958904109589041,1.0,0.9419822723609992,1.0,1.0,1.0,0.9097502014504432
651,2018,9.004099220866227,0.05255264426285158,1.3759752541358714,False,1.0,1.0,0.999009900990099,0.8401289282836423,0.9994520547945206,0.9079908675799087,0.999009900990099,0.8701047542304593,1.0,1.0,0.999009900990099,0.8401289282836423
652,2005,4.491172422247866,0.021486672509695808,1.2150132848227606,False,1.0,1.0,1.0,0.9192586623690572,1.0,0.9658675799086758,1.0,0.9518130539887187,1.0,1.0,1.0,0.9192586623690572
653,2006,8.61083258672732,0.023649792050081685,1.0765501879016885,False,1.0,1.0,1.0,0.9476228847703465,1.0,0.9799086757990868,1.0,0.9716357775987107,1.0,1.0,1.0,0.9476228847703465
654,2009,10.051397612228557,0.06405170409309471,1.4337989327865963,False,1.0,1.0,1.0,0.8907332796132151,1.0,0.9263698630136986,1.0,0.8960515713134569,1.0,1.0,1.0,0.8907332796132151
655,2024,11.315416030974745,0.06994198150790006,1.3651328811400232,False,1.0,1.0,1.0,0.8733526197364192,1.0,0.924408014571949,0.999009900990099,0.8932819029251045,1.0,1.0,1.0,0.8733526197364192
656,2024,14.020248418011153,0.058297221434752605,1.2574698607863863,False,1.0,1.0,1.0,0.8902282224365156,1.0,0.9469489981785064,1.0,0.9251044680167149,1.0,1.0,1.0,0.8902282224365156
657,2007,12.295901567170993,0.07771316608211543,1.1244603496287093,False,1.0,1.0,1.0,0.9627719580983078,1.0,0.9779680365296803,1.0,0.9688960515713134,1.0,1.0,1.0,0.9627719580983078
658,2013,11.353792464712294,0.07441414508333186,1.286762930854224,False,1.0,1.0,0.9970149253731343,0.8983078162771958,0.9989041095890411,0.9437214611872146,0.9980099502487563,0.9205479452054794,1.0,1.0,0.9970149253731343,0.8983078162771958
659,2023,14.624440536356568,0.06348417310707752,1.3978975024026563,False,1.0,1.0,1.0,0.8755842062852538,1.0,0.9251141552511416,0.999009900990099,0.8942788074133763,1.0,1.0,1.0,0.8755842062852538
660,2008,3.1679058004358702,0.0713897600540955,1.2553782433742575,True,0.912568306010929,0.912568306010929,0.8835820895522388,0.8333333333333334,0.9120218579234972,0.8795537340619308,0.8835820895522388,0.8659594985535197,1.0,1.0,0.8835820895522388,0.8333333333333334
661,2010,13.145921261263188,0.032016249805408584,1.042429221777467,False,1.0,1.0,1.0,0.9935535858178888,1.0,0.9962328767123287,1.0,0.9946817082997582,1.0,1.0,1.0,0.9935535858178888
662,2020,11.269682169047144,0.04062895813546226,1.130827457816472,False,1.0,1.0,0.9980099502487563,0.9794278367084539,1.0,0.9878187613843351,0.9990049751243781,0.9828029572484731,1.0,1.0,0.9980099502487563,0.9794278367084539
663,2014,13.91771852741721,0.079290585473429,1.1634597275961123,True,0.958904109589041,0.958904109589041,0.945,0.9053988718775181,0.958904109589041,0.9409817351598173,0.945,0.9336019339242546,1.0,1.0,0.945,0.9053988718775181
664,2006,11.850446537458739,0.040219197132008055,1.3310248023157811,False,1.0,1.0,1.0,0.8878323932312651,1.0,0.9440639269406392,1.0,0.9210314262691378,1.0,1.0,1.0,0.8878323932312651
665,2018,14.418907751225694,0.06906895563465011,1.3962125501675893,False,1.0,1.0,1.0,0.8588235294117647,0.9989041095890411,0.915068493150685,0.998019801980198,0.8809024979854956,1.0,1.0,1.0,0.8588235294117647
666,2023,10.566874320501254,0.06548126498901842,1.4809165035961838,True,0.9013698630136986,0.9013698630136986,0.8712871287128713,0.7979049153908139,0.9013698630136986,0.8254566210045662,0.8712871287128713,0.7941982272360999,1.0,1.0,0.8712871287128713,0.7979049153908139
667,2023,3.3928333470309315,0.07567149352777931,1.480113002261484,False,1.0,1.0,1.0,0.8652699435938759,1.0,0.9215753424657535,0.999009900990099,0.8892828364222402,1.0,1.0,1.0,0.8652699435938759
668,2023,10.47216961726285,0.03948623771806885,1.0116455300023466,False,1.0,1.0,1.0,0.9930701047542304,1.0,0.9960045662100456,1.0,0.9943593875906527,1.0,1.0,1.0,0.9930701047542304
669,2011,8.434942416266157,0.05893470986575021,1.3891802353891083,False,1.0,1.0,1.0,0.8435132957292506,1.0,0.9125570776255708,1.0,0.8765511684125705,1.0,1.0,1.0,0.8435132957292506
670,2005,0.2337105006378748,0.038743268732122235,1.0891034282402328,True,0.9671232876712329,0.9671232876712329,0.9603960396039604,0.9616438356164384,0.9671232876712329,0.9639269406392694,0.9603960396039604,0.962610797743755,1.0,1.0,0.9603960396039604,0.9616438356164384
671,2014,9.443781247088937,0.06789009748383855,1.2838780584205955,False,1.0,1.0,1.0,0.8765511684125705,1.0,0.9284246575342465,1.0,0.8989524576954069,1.0,1.0,1.0,0.8765511684125705
672,2018,8.461077283877353,0.045853093844651166,1.1951293144735977,False,1.0,1.0,0.999009900990099,0.9023368251410153,1.0,0.9329908675799087,1.0,0.9053988718775181,1.0,1.0,0.999009900990099,0.9023368251410153
673,2006,10.287456714357356,0.06611101955593865,1.31387604789544,False,1.0,1.0,1.0,0.9034649476228848,1.0,0.9502283105022831,1.0,0.9297340854149879,1.0,1.0,1.0,0.9034649476228848
674,2010,0.46626270012045556,0.05269897637470984,1.1353705253319435,False,1.0,1.0,1.0,0.9921031426269138,1.0,0.9963470319634703,1.0,0.994842868654311,1.0,1.0,1.0,0.9921031426269138
675,2021,9.365433676758405,0.057255304382504466,1.2068711624928286,False,1.0,1.0,0.999009900990099,0.9021756647864625,1.0,0.9246575342465754,1.0,0.8936341659951652,1.0,1.0,0.999009900990099,0.9021756647864625
676,2023,4.354638850615055,0.06113553394627462,1.0199709625432347,False,1.0,1.0,1.0,0.9922643029814665,1.0,0.9954337899543378,0.999009900990099,0.9935535858178888,1.0,1.0,1.0,0.9922643029814665
677,2013,10.238396901487496,0.05915768294847831,1.3040644581279015,False,1.0,1.0,0.9980099502487563,0.9102336825141015,0.9989041095890411,0.9538812785388128,0.9980099502487563,0.9348912167606769,1.0,1.0,0.9980099502487563,0.9102336825141015
678,2010,7.625162440430863,0.06232695987407466,1.1181337886391651,False,1.0,1.0,1.0,0.9295729250604351,1.0,0.971689497716895,1.0,0.9600322320709106,1.0,1.0,1.0,0.9295729250604351
679,2015,4.165468956948138,0.04345763683569835,1.301932280469172,False,1.0,1.0,0.9960199004975124,0.887187751813054,0.9994520547945206,0.9367579908675799,0.9970149253731343,0.9107171635777599,1.0,1.0,0.9960199004975124,0.887187751813054
680,2013,12.06437798815031,0.06237464670099481,1.040721240620409,False,1.0,1.0,0.9960199004975124,0.9845286059629331,0.9989041095890411,0.9914383561643836,0.9970149253731343,0.9879129734085415,1.0,1.0,0.9960199004975124,0.9845286059629331
681,2021,10.13864987723347,0.07695516884634972,1.1620621073007098,False,1.0,1.0,1.0,0.9685737308622079,0.9994520547945206,0.9824200913242009,0.999009900990099,0.9751813053988718,1.0,1.0,1.0,0.9685737308622079
682,2005,3.86081363541922,0.04802254100799408,1.1853141307528166,False,1.0,1.0,1.0,0.9443996776792909,1.0,0.9773972602739726,1.0,0.9680902497985495,1.0,1.0,1.0,0.9443996776792909
683,2008,1.798187009350099,0.04473864361143408,1.0009648539366698,False,1.0,1.0,1.0,0.9964641594342655,0.9994535519125683,0.9982923497267759,0.9990049751243781,0.997589199614272,1.0,1.0,1.0,0.9964641594342655
684,2007,0.29969886344718977,0.06304865515823935,1.457299622185881,False,1.0,1.0,1.0,0.8942788074133763,1.0,0.9194063926940639,1.0,0.8862207896857373,1.0,1.0,1.0,0.8942788074133763
685,2022,14.616630584761552,0.07921353215228048,1.4246957758542194,False,1.0,1.0,1.0,0.878323932312651,1.0,0.9285388127853881,1.0,0.8991136180499597,1.0,1.0,1.0,0.878323932312651
686,2014,3.8215863614630496,0.059798916762362,1.25792971899306,False,1.0,1.0,1.0,0.9073327961321515,1.0,0.9592465753424657,1.0,0.9424657534246575,1.0,1.0,1.0,0.9073327961321515
687,2021,9.301213599798933,0.04400399338507256,1.0667479175459256,False,1.0,1.0,1.0,0.9394037066881548,1.0,0.9743150684931506,1.0,0.9637389202256245,1.0,1.0,1.0,0.9394037066881548
688,2023,2.1502510531430774,0.06229240807832713,1.265172508805426,False,1.0,1.0,1.0,0.9168412570507655,1.0,0.9636986301369863,1.0,0.948751007252216,1.0,1.0,1.0,0.9168412570507655
689,2015,12.193580215436414,0.05282097369238001,1.4099425609098504,False,1.0,1.0,0.9970149253731343,0.8818694601128122,0.9989041095890411,0.9135844748858447,0.9970149253731343,0.8780016116035455,1.0,1.0,0.9970149253731343,0.8818694601128122
690,2018,7.117951337818363,0.04318243617587984,1.1979563395203512,False,1.0,1.0,1.0,0.8858984689766317,0.9994520547945206,0.9424657534246575,0.998019801980198,0.9189363416599516,1.0,1.0,1.0,0.8858984689766317
691,2013,8.172750505341911,0.04583013860657423,1.1089186459417997,False,1.0,1.0,0.9970149253731343,0.9224818694601128,0.9989041095890411,0.9675799086757991,0.9980099502487563,0.9542304593070104,1.0,1.0,0.9970149253731343,0.9224818694601128
692,2015,5.190013008570215,0.03244119998158734,1.2800287381181152,False,1.0,1.0,0.9960199004975124,0.8907332796132151,0.9994520547945206,0.9343607305936074,0.9970149253731343,0.9073327961321515,1.0,1.0,0.9960199004975124,0.8907332796132151
693,2019,2.082770801262446,0.05188569033032421,1.2930546919571833,False,1.0,1.0,1.0,0.9036261079774376,1.0,0.9551369863013699,1.0,0.9366639806607574,1.0,1.0,1.0,0.9036261079774376
694,2021,0.540373602543997,0.03581297976061944,1.1713440901889158,False,1.0,1.0,1.0,0.9811442385173247,0.9994520547945206,0.9898401826484018,0.999009900990099,0.9856567284448026,1.0,1.0,1.0,0.9811442385173247
695,2013,1.3982731900119068,0.03113946173704222,1.0954425732861117,False,1.0,1.0,0.9970149253731343,0.9875906526994359,0.9994520547945206,0.9931506849315068,0.9980099502487563,0.9903303787268332,1.0,1.0,0.9970149253731343,0.9875906526994359
696,2014,2.6672169606831417,0.03258563963680479,1.0455657227131914,False,1.0,1.0,1.0,0.996293311845286,1.0,0.9982876712328768,1.0,0.9975825946817083,1.0,1.0,1.0,0.996293311845286
697,2022,6.381339447506037,0.07666215314946642,1.357458444632459,True,0.9260273972602739,0.9260273972602739,0.900990099009901,0.8227236099919419,0.9260273972602739,0.8651826484018265,0.900990099009901,0.8401289282836423,1.0,1.0,0.900990099009901,0.8227236099919419
698,2009,14.203743426359708,0.04375803818542212,1.1577683729514197,False,1.0,1.0,1.0,0.9519742143432716,1.0,0.986986301369863,1.0,0.981627719580983,1.0,1.0,1.0,0.9519742143432716
699,2024,10.421974668731414,0.04069194818751787,1.045179438350709,False,1.0,1.0,1.0,0.9914818386370942,1.0,0.9951047358834244,1.0,0.9930890388942463,1.0,1.0,1.0,0.9914818386370942
700,2018,6.481356353692337,0.07723099339700874,1.0724912665985713,False,1.0,1.0,0.998019801980198,0.9585817888799355,0.9989041095890411,0.9848173515981735,0.999009900990099,0.9787268331990331,1.0,1.0,0.998019801980198,0.9585817888799355
701,2008,2.9546973797848124,0.03213851713052589,1.027387053695218,False,1.0,1.0,0.9980099502487563,0.9951783992285439,0.9994535519125683,0.9976092896174863,0.9990049751243781,0.9966248794599807,1.0,1.0,0.9980099502487563,0.9951783992285439
702,2018,9.777232815863613,0.04646111743425611,1.290623511426676,False,1.0,1.0,1.0,0.8638195004029009,1.0,0.9224885844748858,0.999009900990099,0.8905721192586624,1.0,1.0,1.0,0.8638195004029009
703,2014,5.581176172740381,0.033207864813985695,1.2333764629594701,False,1.0,1.0,1.0,0.8991136180499597,1.0,0.9557077625570777,1.0,0.9374697824335213,1.0,1.0,1.0,0.8991136180499597
704,2014,14.69432521686432,0.024840822704879903,1.1617867186246666,False,1.0,1.0,1.0,0.9405318291700242,1.0,0.9763698630136987,1.0,0.9666398066075745,1.0,1.0,1.0,0.9405318291700242
705,2024,0.21189862364781875,0.04719151610294396,1.1698312319021484,False,1.0,1.0,1.0,0.9839279974284796,1.0,0.9913479052823315,1.0,0.9877852780456445,1.0,1.0,1.0,0.9839279974284796
706,2017,5.3567339384492785,0.03445862961578704,1.2691967450433124,False,1.0,1.0,1.0,0.8870265914585012,1.0,0.9364155251141553,0.998019801980198,0.9102336825141015,1.0,1.0,1.0,0.8870265914585012
707,2019,7.42950924578763,0.029694717462291315,1.3061116885210078,False,1.0,1.0,1.0,0.8905721192586624,1.0,0.9335616438356165,1.0,0.906204673650282,1.0,1.0,1.0,0.8905721192586624
708,2024,13.946523752026097,0.05390888676175323,1.2741319209166326,False,1.0,1.0,1.0,0.8899067823850851,1.0,0.9479735883424408,1.0,0.9265509482481518,1.0,1.0,1.0,0.8899067823850851
709,2008,6.791576176692267,0.06327620875543313,1.1108485741884115,False,1.0,1.0,0.9980099502487563,0.9506589521054324,0.9994535519125683,0.9833788706739527,0.9970149253731343,0.9765348762455802,1.0,1.0,0.9980099502487563,0.9506589521054324
710,2013,13.53554880394713,0.07681353746802545,1.3259811730165427,False,1.0,1.0,0.9970149253731343,0.876228847703465,0.9989041095890411,0.9222602739726027,0.9960199004975124,0.8902497985495568,1.0,1.0,0.9970149253731343,0.876228847703465
711,2011,7.200464991393255,0.05065262895621974,1.1775300353975124,False,1.0,1.0,1.0,0.8989524576954069,1.0,0.9569634703196347,1.0,0.9392425463336019,1.0,1.0,1.0,0.8989524576954069
712,2009,1.8602972296484321,0.0387995246656688,1.423416887505566,False,1.0,1.0,1.0,0.9070104754230459,1.0,0.9262557077625571,1.0,0.8958904109589041,1.0,1.0,1.0,0.9070104754230459
713,2015,12.323328489583389,0.0652100338067366,1.0676409642555948,False,1.0,1.0,0.9970149253731343,0.9842062852538276,0.9994520547945206,0.9910958904109589,0.9990049751243781,0.9874294923448832,1.0,1.0,0.9970149253731343,0.9842062852538276
714,2020,3.8969736843945957,0.03590463731449832,1.1833620864589838,False,1.0,1.0,0.9990049751243781,0.9468016714882674,0.9994535519125683,0.9793943533697632,0.9980099502487563,0.9709096753455481,1.0,1.0,0.9990049751243781,0.9468016714882674
715,2014,14.244045643511903,0.05282997625664604,1.2242989040085672,False,1.0,1.0,1.0,0.9068493150684932,1.0,0.9535388127853881,1.0,0.9344077356970185,1.0,1.0,1.0,0.9068493150684932
716,2011,4.395565116492278,0.04370692179238292,1.4000390345957638,False,1.0,1.0,1.0,0.8852538275584206,1.0,0.9329908675799087,1.0,0.9053988718775181,1.0,1.0,1.0,0.8852538275584206
717,2021,10.554871512834168,0.05516821731043585,1.0593885615477892,False,1.0,1.0,1.0,0.9892022562449637,1.0,0.9940639269406393,1.0,0.9916196615632554,1.0,1.0,1.0,0.9892022562449637
718,2018,10.428222345900279,0.03086059104021034,1.1964289193005833,False,1.0,1.0,1.0,0.9464947622884771,1.0,0.9711187214611872,0.999009900990099,0.9592264302981467,1.0,1.0,1.0,0.9464947622884771
719,2010,6.294878892142517,0.02174429685012782,1.2032990718509815,False,1.0,1.0,1.0,0.9044319097502015,1.0,0.9615296803652968,1.0,0.9456889605157132,1.0,1.0,1.0,0.9044319097502015
720,2013,2.343618596409636,0.04216826277087517,1.1371012011466999,False,1.0,1.0,0.9980099502487563,0.9800161160354552,0.9994520547945206,0.9898401826484018,0.9980099502487563,0.9856567284448026,1.0,1.0,0.9980099502487563,0.9800161160354552
721,2016,4.644780450407765,0.07539341211617699,1.2696379911267912,False,1.0,1.0,0.9980295566502463,0.8916747026679525,0.9994535519125683,0.9470628415300546,0.9990147783251232,0.9252651880424301,1.0,1.0,0.9980295566502463,0.8916747026679525
722,2008,2.6720121561260446,0.06588877690135041,1.4179605404584212,False,1.0,1.0,0.9970149253731343,0.8974606235936998,0.9994535519125683,0.9215619307832422,0.9970149253731343,0.8892639022822244,1.0,1.0,0.9970149253731343,0.8974606235936998
723,2006,3.2890762638463658,0.05546465701723012,1.3108980969000097,False,1.0,1.0,1.0,0.8900886381950041,1.0,0.94337899543379,1.0,0.9200644641418211,1.0,1.0,1.0,0.8900886381950041
724,2015,4.425602107448072,0.05358337074666153,1.1529186202062836,False,1.0,1.0,0.9960199004975124,0.9495568090249799,0.9989041095890411,0.9850456621004566,0.9980099502487563,0.9788879935535858,1.0,1.0,0.9960199004975124,0.9495568090249799
725,2023,1.4322511793882624,0.06367242278135611,1.4576632638449807,False,1.0,1.0,1.0,0.890894439967768,1.0,0.9165525114155251,0.999009900990099,0.8821917808219178,1.0,1.0,1.0,0.890894439967768
726,2011,12.416110047900307,0.05001893686516822,1.3839286878169055,False,1.0,1.0,1.0,0.8917002417405319,1.0,0.9178082191780822,1.0,0.8839645447219984,1.0,1.0,1.0,0.8917002417405319
727,2011,8.842594956052018,0.03907907027699075,1.2417749912153715,False,1.0,1.0,1.0,0.8968573730862208,1.0,0.9255707762557077,1.0,0.8949234488315875,1.0,1.0,1.0,0.8968573730862208
728,2015,13.30558530495829,0.07979031557807353,1.0762828023419064,False,1.0,1.0,0.9960199004975124,0.9796937953263497,0.9989041095890411,0.9891552511415526,0.9980099502487563,0.984689766317486,1.0,1.0,0.9960199004975124,0.9796937953263497
729,2020,7.189100734443741,0.07451706635090072,1.3655696884540298,False,1.0,1.0,1.0,0.8674059787849566,0.9994535519125683,0.9217896174863388,0.9990049751243781,0.8895853423336548,1.0,1.0,1.0,0.8674059787849566
730,2006,7.654888756136012,0.02122210842106266,1.2515229024138388,False,1.0,1.0,1.0,0.9107171635777599,1.0,0.9281963470319635,1.0,0.8986301369863013,1.0,1.0,1.0,0.9107171635777599
731,2013,10.639110167133722,0.04342909938611125,1.2644866184564791,True,0.9452054794520548,0.9452054794520548,0.9840796019900497,0.8705882352941177,0.9441095890410959,0.909703196347032,0.9860696517412936,0.8950846091861402,1.0,1.0,0.9840796019900497,0.8705882352941177
732,2014,3.828133493986225,0.061424486526737127,1.2175438754244217,False,1.0,1.0,1.0,0.9308622078968574,1.0,0.9697488584474886,1.0,0.9572925060435133,1.0,1.0,1.0,0.9308622078968574
733,2024,8.067455984970257,0.048439068381745456,1.290435674218191,True,0.8961748633879781,0.8961748633879781,0.8712871287128713,0.796046287367406,0.8961748633879781,0.8356102003642987,0.8702970297029703,0.8106718097074895,1.0,1.0,0.8712871287128713,0.796046287367406
734,2005,6.763871209739918,0.05142694216219251,1.140115054398569,False,1.0,1.0,1.0,0.9315068493150684,1.0,0.9713470319634703,1.0,0.9595487510072522,1.0,1.0,1.0,0.9315068493150684
735,2006,5.945397509436304,0.03493278368887274,1.0097030752470086,False,1.0,1.0,1.0,0.9940370668815471,1.0,0.9969178082191781,1.0,0.9956486704270749,1.0,1.0,1.0,0.9940370668815471
736,2012,6.893207268926254,0.062410350430761694,1.4978349003126976,False,1.0,1.0,1.0,0.823690131790421,1.0,0.8950364298724954,1.0,0.8518161362905818,1.0,1.0,1.0,0.823690131790421
737,2015,11.835799194107198,0.056705621266909964,1.4929266002211639,False,1.0,1.0,0.9960199004975124,0.8654311039484287,0.9989041095890411,0.9168949771689497,0.9980099502487563,0.8826752618855761,1.0,1.0,0.9960199004975124,0.8654311039484287
738,2018,10.886253520788706,0.06196542261933875,1.242157794342741,False,1.0,1.0,0.999009900990099,0.9250604351329573,1.0,0.968607305936073,1.0,0.9556809024979855,1.0,1.0,0.999009900990099,0.9250604351329573
739,2022,12.102516707856827,0.02803493861921351,1.034805500899303,False,1.0,1.0,1.0,0.9958098307816278,1.0,0.9978310502283105,1.0,0.9969379532634972,1.0,1.0,1.0,0.9958098307816278
740,2009,10.85517504862041,0.07015310105318855,1.1398978943356581,False,1.0,1.0,1.0,0.982433521353747,1.0,0.9900684931506849,1.0,0.9859790491539081,1.0,1.0,1.0,0.982433521353747
741,2006,1.7621952886581655,0.030500297737390297,1.0511811256752024,False,1.0,1.0,1.0,0.9958098307816278,1.0,0.997716894977169,1.0,0.9967767929089444,1.0,1.0,1.0,0.9958098307816278
742,2006,1.5872179152702421,0.06477087803690754,1.3755405802414356,False,1.0,1.0,1.0,0.8844480257856567,1.0,0.935958904109589,1.0,0.9095890410958904,1.0,1.0,1.0,0.8844480257856567
743,2021,0.9243599756641802,0.03214912071467277,1.349635404506969,False,1.0,1.0,1.0,0.8958904109589041,1.0,0.9504566210045662,0.999009900990099,0.9300564061240935,1.0,1.0,1.0,0.8958904109589041
744,2006,1.7022739965256772,0.03113145137791444,1.3394928304574685,True,0.8876712328767123,0.8876712328767123,0.8762376237623762,0.7966156325543916,0.8876712328767123,0.8445205479452055,0.8762376237623762,0.8267526188557615,1.0,1.0,0.8762376237623762,0.7966156325543916
745,2010,2.7259435171788926,0.040067773532313125,1.0764066320261036,False,1.0,1.0,1.0,0.9950040290088639,1.0,0.9969178082191781,1.0,0.9956486704270749,1.0,1.0,1.0,0.9950040290088639
746,2018,13.091253876568341,0.03058745918173397,1.2783297003437244,False,1.0,1.0,0.999009900990099,0.8875100725221595,0.9994520547945206,0.9396118721461187,1.0,0.9147461724415794,1.0,1.0,0.999009900990099,0.8875100725221595
747,2019,0.4913584539554289,0.06637982157148564,1.0335813819788502,False,1.0,1.0,1.0,0.9933924254633361,1.0,0.9961187214611872,1.0,0.9945205479452055,1.0,1.0,1.0,0.9933924254633361
748,2024,5.764599886559363,0.052219996305109956,1.3276534250036454,False,1.0,1.0,1.0,0.8918354226936677,1.0,0.9206511839708561,1.0,0.8879781420765027,1.0,1.0,1.0,0.8918354226936677
749,2024,7.144268146255216,0.06308035142526676,1.1316711793678131,False,1.0,1.0,1.0,0.9284795885567342,1.0,0.9672131147540983,1.0,0.9537126325940212,1.0,1.0,1.0,0.9284795885567342
750,2021,0.31180236713762355,0.06801199658219019,1.1701291059463361,False,1.0,1.0,1.0,0.9792103142626913,1.0,0.9886986301369863,0.999009900990099,0.9840451248992748,1.0,1.0,1.0,0.9792103142626913
751,2008,7.961346029041043,0.024239042946266637,1.0152404545623246,False,1.0,1.0,0.9970149253731343,0.9813564770170363,0.9994535519125683,0.995332422586521,0.9980099502487563,0.9934104789456766,1.0,1.0,0.9970149253731343,0.9813564770170363
752,2008,14.342811225804521,0.07755023234402289,1.4438405882950007,False,1.0,1.0,0.9990049751243781,0.8649951783992286,0.9994535519125683,0.9203096539162113,0.9970149253731343,0.8874959819993571,1.0,1.0,0.9990049751243781,0.8649951783992286
753,2015,10.288009538532283,0.04537496858257248,1.4077513779627284,False,1.0,1.0,0.9960199004975124,0.8733279613215149,0.9989041095890411,0.9257990867579908,0.9970149253731343,0.895245769540693,1.0,1.0,0.9960199004975124,0.8733279613215149
754,2021,11.354045039138388,0.04871074765648303,1.403461488909958,False,1.0,1.0,1.0,0.8844480257856567,1.0,0.9139269406392694,0.999009900990099,0.8784850926672039,1.0,1.0,1.0,0.8844480257856567
755,2006,0.6309966307959147,0.07140420106620655,1.1445516405972551,False,1.0,1.0,1.0,0.9888799355358582,1.0,0.9941780821917808,1.0,0.9917808219178083,1.0,1.0,1.0,0.9888799355358582
756,2009,0.11022208596394023,0.05693100168548906,1.0648785950361686,False,1.0,1.0,1.0,0.9961321514907333,1.0,0.9980593607305936,1.0,0.9972602739726028,1.0,1.0,1.0,0.9961321514907333
757,2023,13.64690317505992,0.07965672043495045,1.3023743566477954,True,0.9753424657534246,0.9753424657534246,0.9702970297029703,0.8568896051571313,0.9753424657534246,0.9107305936073059,0.9702970297029703,0.8841257050765512,1.0,1.0,0.9702970297029703,0.8568896051571313
758,2008,8.848391209364278,0.044177764506230344,1.2224178796409308,False,1.0,1.0,0.9980099502487563,0.9091931854709097,0.9994535519125683,0.9265710382513661,0.9970149253731343,0.8963355834136933,1.0,1.0,0.9980099502487563,0.9091931854709097
759,2006,7.995609071795336,0.04830714320978159,1.3569303425320338,False,1.0,1.0,1.0,0.861563255439162,1.0,0.9226027397260274,1.0,0.8907332796132151,1.0,1.0,1.0,0.861563255439162
760,2011,0.18323194373026208,0.053210851099217235,1.172128893572326,False,1.0,1.0,1.0,0.9848509266720387,1.0,0.991324200913242,1.0,0.9877518130539887,1.0,1.0,1.0,0.9848509266720387
761,2012,9.411691351610743,0.06788237007632113,1.1292949355245476,False,1.0,1.0,1.0,0.8976213436194149,1.0,0.9525273224043715,1.0,0.9329797492767599,1.0,1.0,1.0,0.8976213436194149
762,2010,9.295160432035765,0.0672715971220322,1.4268170960736797,False,1.0,1.0,1.0,0.8238517324738115,1.0,0.8938356164383562,0.999009900990099,0.8501208702659145,1.0,1.0,1.0,0.8238517324738115
763,2005,12.363584191501895,0.05711241419019193,1.0294576696679019,False,1.0,1.0,1.0,0.9906526994359388,1.0,0.9947488584474886,1.0,0.9925866236905722,1.0,1.0,1.0,0.9906526994359388
764,2022,0.8820158673524647,0.0704034205113141,1.4601811806474023,False,1.0,1.0,1.0,0.9005640612409347,1.0,0.923972602739726,1.0,0.8926672038678485,1.0,1.0,1.0,0.9005640612409347
765,2016,14.095803720342001,0.04844337295566892,1.4201255103139059,True,0.9808743169398907,0.9808743169398907,1.0,0.8674059787849566,0.9808743169398907,0.9132513661202186,0.9990147783251232,0.8854066216650595,1.0,1.0,1.0,0.8674059787849566
766,2005,7.669053591540504,0.027645600264355977,1.0623051270397703,False,1.0,1.0,1.0,0.9587429492344883,1.0,0.992351598173516,1.0,0.9892022562449637,1.0,1.0,1.0,0.9587429492344883
767,2006,10.953206027173108,0.06596200439602479,1.4385876831894582,False,1.0,1.0,1.0,0.8833199033037873,1.0,0.9143835616438356,1.0,0.879129734085415,1.0,1.0,1.0,0.8833199033037873
768,2009,12.484789563263,0.024100873423737644,1.327976555062343,True,0.8958904109589041,0.8958904109589041,0.8706467661691543,0.7980660757453666,0.8958904109589041,0.843607305936073,0.8706467661691543,0.8220789685737309,1.0,1.0,0.8706467661691543,0.7980660757453666
769,2018,14.28301088113368,0.04916949855209725,1.3708451825225594,False,1.0,1.0,1.0,0.8781627719580983,0.9989041095890411,0.9114155251141552,0.998019801980198,0.8749395648670427,1.0,1.0,1.0,0.8781627719580983
770,2020,9.892009125082172,0.06468219765454308,1.059065425139537,False,1.0,1.0,0.9980099502487563,0.9288010286081646,0.9994535519125683,0.9680100182149363,0.9990049751243781,0.9548376727740276,1.0,1.0,0.9980099502487563,0.9288010286081646
771,2015,8.831561744843581,0.0459179634188647,1.1420029081679115,False,1.0,1.0,0.9970149253731343,0.898146655922643,0.9989041095890411,0.9565068493150685,0.9980099502487563,0.9385979049153909,1.0,1.0,0.9970149253731343,0.898146655922643
772,2013,2.4844962151851813,0.030181815934511927,1.3617974618014106,False,1.0,1.0,0.9980099502487563,0.8918614020950846,0.9989041095890411,0.933675799086758,0.9990049751243781,0.9063658340048348,1.0,1.0,0.9980099502487563,0.8918614020950846
773,2015,13.444276511642244,0.05131984322274416,1.1600523829432734,False,1.0,1.0,0.9960199004975124,0.9519742143432716,0.9994520547945206,0.9850456621004566,0.9970149253731343,0.9788879935535858,1.0,1.0,0.9960199004975124,0.9519742143432716
774,2009,12.630293044863912,0.038194917088870746,1.0771218110475356,False,1.0,1.0,1.0,0.9851732473811442,1.0,0.9921232876712329,0.9990049751243781,0.9888799355358582,1.0,1.0,1.0,0.9851732473811442
775,2014,8.729980881839824,0.06561774728524619,1.2594652176210706,False,1.0,1.0,1.0,0.8949234488315875,1.0,0.9364155251141553,1.0,0.9102336825141015,1.0,1.0,1.0,0.8949234488315875
776,2005,6.58646341953564,0.06539095205872046,1.078505662075896,False,1.0,1.0,1.0,0.9650282030620467,1.0,0.9929223744292237,1.0,0.9900080580177276,1.0,1.0,1.0,0.9650282030620467
777,2012,11.97011782326879,0.021165367283524427,1.1365666063033368,False,1.0,1.0,1.0,0.9783027965284474,1.0,0.98816029143898,1.0,0.9832851173256187,1.0,1.0,1.0,0.9783027965284474
778,2023,13.788331490535754,0.07250139912643724,1.0817146440684182,False,1.0,1.0,1.0,0.9793714746172442,1.0,0.9882420091324201,1.0,0.9834004834810637,1.0,1.0,1.0,0.9793714746172442
779,2016,0.784230162319845,0.029039165445974777,1.128510007824229,False,1.0,1.0,0.9990147783251232,0.9924461587913854,1.0,0.9964708561020036,1.0,0.9950176792028287,1.0,1.0,0.9990147783251232,0.9924461587913854
780,2024,0.20959079127693847,0.050639637904393825,1.1524777568745974,False,1.0,1.0,1.0,0.9871423979427837,1.0,0.9922586520947176,1.0,0.9890710382513661,1.0,1.0,1.0,0.9871423979427837
781,2015,9.203909065741664,0.05553242898109688,1.1896329752931365,False,1.0,1.0,0.9980099502487563,0.9065269943593876,0.9989041095890411,0.9308219178082192,0.9970149253731343,0.9023368251410153,1.0,1.0,0.9980099502487563,0.9065269943593876
782,2016,3.552909046909321,0.038487617722176105,1.4509773450908972,False,1.0,1.0,1.0,0.8860495017679203,1.0,0.9349954462659381,0.9990147783251232,0.9082288653166185,1.0,1.0,1.0,0.8860495017679203
783,2007,5.580056350794884,0.0540416335408435,1.414368769596856,False,1.0,1.0,1.0,0.8662369057211926,1.0,0.9208904109589041,1.0,0.8883158742949234,1.0,1.0,1.0,0.8662369057211926
784,2011,4.5267815061841725,0.03888127179735153,1.4389568882940034,False,1.0,1.0,1.0,0.8749395648670427,1.0,0.9268264840182648,1.0,0.896696212731668,1.0,1.0,1.0,0.8749395648670427
785,2010,1.6445301865282558,0.042880934095258345,1.244679598311694,False,1.0,1.0,1.0,0.9442385173247381,1.0,0.9771689497716894,1.0,0.967767929089444,1.0,1.0,1.0,0.9442385173247381
786,2019,12.63363371881741,0.05920428872021853,1.3302261192466847,False,1.0,1.0,1.0,0.868170829975826,1.0,0.9252283105022832,1.0,0.8944399677679291,1.0,1.0,1.0,0.868170829975826
787,2005,5.0141011757157266,0.05504380056176304,1.0224707017546035,False,1.0,1.0,1.0,0.9951651893634166,1.0,0.9973744292237443,1.0,0.996293311845286,1.0,1.0,1.0,0.9951651893634166
788,2019,6.221313362429623,0.07816123332191519,1.0874584763853594,False,1.0,1.0,1.0,0.956809024979855,1.0,0.9868721461187214,1.0,0.9814665592264303,1.0,1.0,1.0,0.956809024979855
789,2013,2.4829725231754525,0.0795137191237759,1.1177375852008773,False,1.0,1.0,0.9960199004975124,0.9806607574536664,0.9989041095890411,0.9891552511415526,0.9970149253731343,0.984689766317486,1.0,1.0,0.9960199004975124,0.9806607574536664
790,2023,9.718498801879502,0.04973923847457134,1.3272849831394908,False,1.0,1.0,0.999009900990099,0.854955680902498,1.0,0.9184931506849315,1.0,0.8849315068493151,1.0,1.0,0.999009900990099,0.854955680902498
791,2010,3.567530773226867,0.07820819067429442,1.2295980478460327,False,1.0,1.0,1.0,0.9203867848509266,1.0,0.9670091324200913,1.0,0.9534246575342465,1.0,1.0,1.0,0.9203867848509266
792,2022,3.62233590932691,0.03681205431859985,1.3879154017576194,False,1.0,1.0,1.0,0.901853344077357,1.0,0.9252283105022832,1.0,0.8944399677679291,1.0,1.0,1.0,0.901853344077357
793,2020,4.325800551212546,0.0514953257422589,1.425215592243183,False,1.0,1.0,1.0,0.8809064609450338,0.9994535519125683,0.9293032786885246,0.9980099502487563,0.9001928640308583,1.0,1.0,1.0,0.8809064609450338
794,2019,4.0708219923755555,0.0487351044686003,1.2469548715771994,False,1.0,1.0,1.0,0.9029814665592264,1.0,0.9570776255707762,1.0,0.9394037066881548,1.0,1.0,1.0,0.9029814665592264
795,2007,11.558389541776496,0.04730130563499127,1.3090369191220443,False,1.0,1.0,1.0,0.900402900886382,1.0,0.9507990867579909,1.0,0.9305398871877518,1.0,1.0,1.0,0.900402900886382
796,2005,5.962111255359723,0.031262955346985526,1.3781535572354766,False,1.0,1.0,1.0,0.8818694601128122,1.0,0.9310502283105023,1.0,0.9026591458501209,1.0,1.0,1.0,0.8818694601128122
797,2007,8.834809358529244,0.07264562475298332,1.061007465931419,False,1.0,1.0,1.0,0.9453666398066076,1.0,0.9777397260273972,1.0,0.9685737308622079,1.0,1.0,1.0,0.9453666398066076
798,2009,6.468224521887525,0.06579122494371463,1.1226329215546498,True,0.9424657534246575,0.9424657534246575,0.9253731343283582,0.8965350523771153,0.9424657534246575,0.9245433789954338,0.9253731343283582,0.9171635777598711,1.0,1.0,0.9253731343283582,0.8965350523771153
799,2024,12.758429153801119,0.05347320070998464,1.3620958508745884,False,1.0,1.0,1.0,0.8878174220507875,1.0,0.918488160291439,1.0,0.8849244615879138,1.0,1.0,1.0,0.8878174220507875
800,2020,3.5154994874259127,0.06623655995830592,1.1585603309375692,False,1.0,1.0,0.9990049751243781,0.9545162327225972,0.9994535519125683,0.9872495446265938,0.9990049751243781,0.9819993571198972,1.0,1.0,0.9990049751243781,0.9545162327225972
801,2022,7.5473827641753,0.05997302991832279,1.43284351767726,False,1.0,1.0,1.0,0.8444802578565673,1.0,0.911986301369863,1.0,0.8757453666398066,1.0,1.0,1.0,0.8444802578565673
802,2014,5.49158493324674,0.021777913158583465,1.4948292483358718,False,1.0,1.0,1.0,0.8444802578565673,1.0,0.9135844748858447,1.0,0.8780016116035455,1.0,1.0,1.0,0.8444802578565673
803,2007,4.1231561493752835,0.03513504713130102,1.3628541978688715,False,1.0,1.0,1.0,0.8962127316680096,1.0,0.9207762557077626,1.0,0.8881547139403707,1.0,1.0,1.0,0.8962127316680096
804,2012,1.0573425803537866,0.020097850857791894,1.3378742557802847,False,1.0,1.0,1.0,0.9029251044680168,1.0,0.9568533697632058,1.0,0.9390871102539377,1.0,1.0,1.0,0.9029251044680168
805,2008,11.546252510259741,0.021469006488056625,1.3518683098218842,False,1.0,1.0,0.9980099502487563,0.882674381227901,0.9994535519125683,0.9372723132969034,0.9980099502487563,0.9114432658309225,1.0,1.0,0.9980099502487563,0.882674381227901
806,2019,3.6393805278843434,0.06881159297483237,1.0801984025280402,False,1.0,1.0,1.0,0.984689766317486,1.0,0.9914383561643836,1.0,0.9879129734085415,1.0,1.0,1.0,0.984689766317486
807,2024,0.5574099272903577,0.054552635512152975,1.151721448695897,False,1.0,1.0,1.0,0.9860173577627772,1.0,0.9920309653916212,1.0,0.9887495981999357,1.0,1.0,1.0,0.9860173577627772
808,2020,2.4412457894978457,0.07092012122883976,1.0953213783029963,False,1.0,1.0,1.0,0.9885888781742205,0.9994535519125683,0.9938524590163934,0.9980099502487563,0.991321118611379,1.0,1.0,1.0,0.9885888781742205
809,2023,7.33843600784985,0.06067421510369085,1.3953007445278,False,1.0,1.0,1.0,0.8570507655116841,1.0,0.9170091324200913,0.999009900990099,0.8828364222401289,1.0,1.0,1.0,0.8570507655116841
810,2006,14.718933761159832,0.06614371483040121,1.2528791391606646,False,1.0,1.0,1.0,0.8881547139403707,1.0,0.9424657534246575,1.0,0.9187751813053989,1.0,1.0,1.0,0.8881547139403707
811,2006,13.253271093770152,0.04980426684308385,1.3649094605319019,False,1.0,1.0,1.0,0.8994359387590652,1.0,0.9234018264840183,1.0,0.8918614020950846,1.0,1.0,1.0,0.8994359387590652
812,2017,3.170096898929674,0.04607662164423236,1.0909077264618858,False,1.0,1.0,1.0,0.9832393231265109,1.0,0.9908675799086758,1.0,0.9871071716357775,1.0,1.0,1.0,0.9832393231265109
813,2005,9.346278862053317,0.07919540455532546,1.3258493794555561,False,1.0,1.0,1.0,0.853505237711523,1.0,0.9179223744292238,1.0,0.8841257050765512,1.0,1.0,1.0,0.853505237711523
814,2012,4.827437545448835,0.03306790011321889,1.0531903246554837,False,1.0,1.0,1.0,0.9932497589199615,1.0,0.9966985428051002,1.0,0.9953391192542591,1.0,1.0,1.0,0.9932497589199615
815,2008,4.554677018072001,0.04802110144479197,1.1615641030727355,False,1.0,1.0,0.9970149253731343,0.9485695917711346,0.9994535519125683,0.9825819672131147,0.9980099502487563,0.9754098360655737,1.0,1.0,0.9970149253731343,0.9485695917711346
816,2022,2.040411678313597,0.04679580140705047,1.2560932101499722,False,1.0,1.0,1.0,0.9406929895245769,1.0,0.9736301369863014,0.999009900990099,0.9627719580983078,1.0,1.0,1.0,0.9406929895245769
817,2017,9.578867944958123,0.026556269961965327,1.3114254829280874,False,1.0,1.0,1.0,0.857856567284448,1.0,0.9202054794520548,0.998019801980198,0.8873489121676068,1.0,1.0,1.0,0.857856567284448
818,2023,4.963811697217,0.03590127834833718,1.1364668633748995,False,1.0,1.0,1.0,0.9540692989524577,1.0,0.9893835616438356,1.0,0.9850120870265915,1.0,1.0,1.0,0.9540692989524577
819,2017,4.069111090619869,0.023181942300313067,1.170181889069865,False,1.0,1.0,1.0,0.9469782433521354,1.0,0.9811643835616438,1.0,0.9734085414987913,1.0,1.0,1.0,0.9469782433521354
820,2011,2.637746239215089,0.03203999752477505,1.0004630533657024,False,1.0,1.0,1.0,0.9961321514907333,1.0,0.9981735159817352,1.0,0.9974214343271555,1.0,1.0,1.0,0.9961321514907333
821,2013,4.094097176623502,0.07510377268341799,1.1075379040781672,False,1.0,1.0,0.9960199004975124,0.9703464947622885,0.9989041095890411,0.9874429223744292,0.9980099502487563,0.9822723609991942,1.0,1.0,0.9960199004975124,0.9703464947622885
822,2005,6.955568734028272,0.06815875648358546,1.063120718283141,False,1.0,1.0,1.0,0.9653505237711523,1.0,0.9916666666666667,1.0,0.9882352941176471,1.0,1.0,1.0,0.9653505237711523
823,2018,13.051430844206582,0.02644195098119181,1.2871486439827757,False,1.0,1.0,1.0,0.8781627719580983,0.9994520547945206,0.9356164383561644,1.0,0.9091055600322321,1.0,1.0,1.0,0.8781627719580983
824,2013,10.29193965004174,0.047286157548535615,1.0415413873460257,False,1.0,1.0,0.9970149253731343,0.9851732473811442,0.9989041095890411,0.9920091324200914,0.9980099502487563,0.9887187751813054,1.0,1.0,0.9970149253731343,0.9851732473811442
825,2007,12.163481285009404,0.07249383202835535,1.1368502038173924,False,1.0,1.0,1.0,0.9713134568896051,1.0,0.9827625570776256,1.0,0.9756647864625302,1.0,1.0,1.0,0.9713134568896051
826,2013,4.597205659778699,0.036874758012454475,1.3300588169410155,False,1.0,1.0,0.9990049751243781,0.9060435132957293,0.9989041095890411,0.9256849315068493,0.9980099502487563,0.8950846091861402,1.0,1.0,0.9990049751243781,0.9060435132957293
827,2005,1.9857793688152559,0.07247812471057637,1.472057557748264,True,0.9095890410958904,0.9095890410958904,0.8762376237623762,0.8049959709911362,0.9095890410958904,0.8465753424657534,0.8762376237623762,0.8206285253827559,1.0,1.0,0.8762376237623762,0.8049959709911362
828,2011,14.953641369150606,0.037130539501424975,1.2265410604049136,False,1.0,1.0,1.0,0.9005640612409347,1.0,0.9538812785388128,1.0,0.9348912167606769,1.0,1.0,1.0,0.9005640612409347
829,2019,10.928904638068483,0.03467377059715239,1.3635078706341854,False,1.0,1.0,1.0,0.8809024979854956,1.0,0.9372146118721462,1.0,0.911361804995971,1.0,1.0,1.0,0.8809024979854956
830,2013,10.028781687314764,0.04870960628848909,1.2624551899774568,False,1.0,1.0,0.9980099502487563,0.9308622078968574,0.9989041095890411,0.9723744292237443,0.9970149253731343,0.9609991941982272,1.0,1.0,0.9980099502487563,0.9308622078968574
831,2012,14.662589761933965,0.04053890037485636,1.1867955032361956,False,1.0,1.0,1.0,0.9254259080681453,1.0,0.9659608378870674,1.0,0.951944712311154,1.0,1.0,1.0,0.9254259080681453
832,2021,1.2967111990320934,0.030041436158662935,1.1732033729872042,False,1.0,1.0,1.0,0.974375503626108,1.0,0.9892694063926941,0.999009900990099,0.9848509266720387,1.0,1.0,1.0,0.974375503626108
833,2010,3.6889147588370403,0.07407088515491676,1.2834645935147735,False,1.0,1.0,1.0,0.8960515713134569,1.0,0.9506849315068493,1.0,0.930378726833199,1.0,1.0,1.0,0.8960515713134569
834,2022,8.85553810776099,0.028917190176614226,1.2233981723452845,False,1.0,1.0,1.0,0.9108783239323126,1.0,0.928082191780822,1.0,0.8984689766317486,1.0,1.0,1.0,0.9108783239323126
835,2011,4.009990716863586,0.02420960596911259,1.1683035167827585,False,1.0,1.0,1.0,0.9489121676067688,1.0,0.9849315068493151,1.0,0.9787268331990331,1.0,1.0,1.0,0.9489121676067688
836,2010,9.077652750046173,0.03898760854491481,1.4580658439550134,False,1.0,1.0,1.0,0.83883964544722,1.0,0.8899543378995434,1.0,0.84464141821112,1.0,1.0,1.0,0.83883964544722
837,2010,3.550138522305275,0.0647566613561489,1.3408998568490986,True,0.9698630136986301,0.9698630136986301,0.9633663366336633,0.8755842062852538,0.9698630136986301,0.9038812785388128,0.9633663366336633,0.8767123287671232,1.0,1.0,0.9633663366336633,0.8755842062852538
838,2017,3.141492547893903,0.06674831092061664,1.1429624744184714,True,0.9780821917808219,0.9780821917808219,1.0,0.9453666398066076,0.9780821917808219,0.9656392694063927,0.999009900990099,0.9605157131345688,1.0,1.0,1.0,0.9453666398066076
839,2013,9.25692866526969,0.026648263701958358,1.0983364131441482,False,1.0,1.0,0.9960199004975124,0.9144238517324738,0.9989041095890411,0.9609589041095891,0.9980099502487563,0.9448831587429493,1.0,1.0,0.9960199004975124,0.9144238517324738
840,2005,7.238061768682419,0.05269349923188123,1.207560305306038,False,1.0,1.0,1.0,0.8875100725221595,1.0,0.9398401826484019,1.0,0.915068493150685,1.0,1.0,1.0,0.8875100725221595
841,2012,0.9782350484930447,0.05009971052392898,1.251878168883569,False,1.0,1.0,1.0,0.9451944712311154,1.0,0.9784836065573771,1.0,0.9696239151398264,1.0,1.0,1.0,0.9451944712311154
842,2021,6.5761063579522325,0.059529006009045246,1.2848225454898807,False,1.0,1.0,1.0,0.901853344077357,1.0,0.9244292237442923,0.999009900990099,0.8933118452860597,1.0,1.0,1.0,0.901853344077357
843,2015,10.641193725919871,0.04384003305239245,1.0022004609517752,False,1.0,1.0,0.9990049751243781,0.9929089443996777,1.0,0.9961187214611872,1.0,0.9945205479452055,1.0,1.0,0.9990049751243781,0.9929089443996777
844,2023,1.1249773394855977,0.024915193051119663,1.1378327168935831,False,1.0,1.0,1.0,0.9875906526994359,1.0,0.992579908675799,0.999009900990099,0.9895245769540693,1.0,1.0,1.0,0.9875906526994359
845,2005,4.629230139141286,0.07497812203489887,1.2926549522927617,False,1.0,1.0,1.0,0.8897663174858985,1.0,0.9340182648401827,1.0,0.9068493150684932,1.0,1.0,1.0,0.8897663174858985
846,2024,4.783477782607306,0.02820990704023684,1.3422757121893705,False,1.0,1.0,1.0,0.8987463837994214,1.0,0.9219034608378871,1.0,0.8897460623593699,1.0,1.0,1.0,0.8987463837994214
847,2022,0.25238908879237076,0.07732293304425492,1.1579157425442403,False,1.0,1.0,1.0,0.9924254633360193,1.0,0.995662100456621,1.0,0.9938759065269943,1.0,1.0,1.0,0.9924254633360193
848,2024,7.188198969629235,0.06548010590800078,1.2184260037688872,False,1.0,1.0,1.0,0.8882995821279331,1.0,0.9353369763205829,1.0,0.908711025393764,1.0,1.0,1.0,0.8882995821279331
849,2008,0.6909735015328666,0.0688865209110915,1.3648409967971569,False,1.0,1.0,0.9990049751243781,0.8924783027965284,0.9994535519125683,0.9502504553734062,0.9990049751243781,0.9297653487624558,1.0,1.0,0.9990049751243781,0.8924783027965284
850,2019,6.543697814193265,0.05105031466361295,1.3404833000625795,False,1.0,1.0,1.0,0.8838033843674457,1.0,0.9286529680365296,1.0,0.8992747784045125,1.0,1.0,1.0,0.8838033843674457
851,2016,14.109164972513378,0.020954978182382657,1.1181867677044923,False,1.0,1.0,0.9990147783251232,0.9704275152684024,0.9994535519125683,0.9916894353369763,0.9980295566502463,0.98826743812279,1.0,1.0,0.9990147783251232,0.9704275152684024
852,2024,8.285771839680802,0.03647888855705167,1.3324518395207385,False,1.0,1.0,1.0,0.8711025393764062,1.0,0.923155737704918,1.0,0.8915139826422372,1.0,1.0,1.0,0.8711025393764062
853,2015,6.169211289312394,0.030735487139386987,1.2069936881276868,False,1.0,1.0,0.9970149253731343,0.9000805801772764,0.9989041095890411,0.9573059360730594,0.9980099502487563,0.9397260273972603,1.0,1.0,0.9970149253731343,0.9000805801772764
854,2020,8.904197869769481,0.06093738311958388,1.370073104348002,False,1.0,1.0,1.0,0.8460302153648345,0.9994535519125683,0.9153005464480874,0.9980099502487563,0.8804243008678881,1.0,1.0,1.0,0.8460302153648345
855,2023,12.398217922343202,0.02064522305600153,1.0614853863160263,False,1.0,1.0,1.0,0.9885576148267526,1.0,0.9941780821917808,1.0,0.9917808219178083,1.0,1.0,1.0,0.9885576148267526
856,2005,6.3747255333192125,0.04574450695920916,1.1974204463503162,False,1.0,1.0,1.0,0.9028203062046737,1.0,0.9597031963470319,1.0,0.9431103948428686,1.0,1.0,1.0,0.9028203062046737
857,2022,2.0684937361794797,0.02819626416677932,1.3877122263363373,False,1.0,1.0,1.0,0.9103948428686544,1.0,0.9321917808219178,1.0,0.9042707493956487,1.0,1.0,1.0,0.9103948428686544
858,2012,12.083791585432005,0.025204746097280243,1.47478638532683,False,1.0,1.0,1.0,0.881067180970749,1.0,0.9274817850637522,1.0,0.8976213436194149,1.0,1.0,1.0,0.881067180970749
859,2019,9.453532424594826,0.036722610833380395,1.252698827279693,False,1.0,1.0,1.0,0.8917002417405319,1.0,0.9348173515981735,1.0,0.9079774375503626,1.0,1.0,1.0,0.8917002417405319
860,2010,11.627869797880793,0.0269162460683447,1.1466875863959982,False,1.0,1.0,1.0,0.9793714746172442,1.0,0.9886986301369863,1.0,0.9840451248992748,1.0,1.0,1.0,0.9793714746172442
861,2010,6.637913813599282,0.0460051853305104,1.122268287875903,False,1.0,1.0,1.0,0.947300564061241,1.0,0.979337899543379,1.0,0.9708299758259468,1.0,1.0,1.0,0.947300564061241
862,2009,7.789708611235379,0.03331403877762941,1.340215530546228,False,1.0,1.0,1.0,0.87767929089444,1.0,0.9305936073059361,1.0,0.9020145044319098,1.0,1.0,1.0,0.87767929089444
863,2016,5.452017295950294,0.05581024007302679,1.3013322052732532,False,1.0,1.0,1.0,0.9093539054966249,0.9994535519125683,0.9321493624772313,0.9980295566502463,0.9042108646737383,1.0,1.0,1.0,0.9093539054966249
864,2019,12.681868480731424,0.06170230326859509,1.196917378092511,False,1.0,1.0,1.0,0.9373086220789686,1.0,0.9764840182648402,1.0,0.9668009669621274,1.0,1.0,1.0,0.9373086220789686
865,2022,3.375354445269786,0.04652637767334365,1.1343575743403316,False,1.0,1.0,1.0,0.9803384367445609,1.0,0.9957762557077625,1.0,0.9940370668815471,1.0,1.0,1.0,0.9803384367445609
866,2009,3.313182522743103,0.0733272659819023,1.3961978234250263,False,1.0,1.0,1.0,0.8995970991136181,1.0,0.9213470319634703,1.0,0.8889605157131346,1.0,1.0,1.0,0.8995970991136181
867,2014,4.327389047129215,0.07270297263121372,1.3550834702493482,False,1.0,1.0,1.0,0.9033037872683319,1.0,0.9244292237442923,1.0,0.8933118452860597,1.0,1.0,1.0,0.9033037872683319
868,2011,1.8253543106113423,0.03300273874479392,1.0602887205079936,False,1.0,1.0,1.0,0.9932312651087832,1.0,0.9963470319634703,1.0,0.994842868654311,1.0,1.0,1.0,0.9932312651087832
869,2022,5.810893946465305,0.03943877280510898,1.4074511295260013,False,1.0,1.0,1.0,0.8738114423851733,1.0,0.928082191780822,1.0,0.8984689766317486,1.0,1.0,1.0,0.8738114423851733
870,2007,13.806007094400893,0.04338027115897194,1.0804737117907548,False,1.0,1.0,1.0,0.979532634971797,1.0,0.9876712328767123,1.0,0.9825946817082998,1.0,1.0,1.0,0.979532634971797
871,2018,13.196646840913061,0.040481199331442626,1.1080560275410856,False,1.0,1.0,0.999009900990099,0.9666398066075745,0.9989041095890411,0.9796803652968037,0.998019801980198,0.9713134568896051,1.0,1.0,0.999009900990099,0.9666398066075745
872,2011,4.300380381856131,0.05778726648349511,1.393781281269852,False,1.0,1.0,1.0,0.8870265914585012,1.0,0.9321917808219178,1.0,0.9042707493956487,1.0,1.0,1.0,0.8870265914585012
873,2019,9.46542217099568,0.041827818929878205,1.3621800474214005,False,1.0,1.0,1.0,0.8430298146655922,1.0,0.913013698630137,0.9990049751243781,0.8771958098307816,1.0,1.0,1.0,0.8430298146655922
874,2015,12.875140081387936,0.055712941310998965,1.491910250115803,False,1.0,1.0,0.9990049751243781,0.8634971796937954,0.9989041095890411,0.9188356164383562,0.9970149253731343,0.8854149879129735,1.0,1.0,0.9990049751243781,0.8634971796937954
875,2008,12.01007729939131,0.06698529889537955,1.3277970676776436,False,1.0,1.0,0.9970149253731343,0.8847637415621986,0.9994535519125683,0.942167577413479,0.9980099502487563,0.9183542269366763,1.0,1.0,0.9970149253731343,0.8847637415621986
876,2016,11.127313703593765,0.07883841650855529,1.1138935954806024,False,1.0,1.0,1.0,0.9885888781742205,1.0,0.9941939890710383,0.9990147783251232,0.9918032786885246,1.0,1.0,1.0,0.9885888781742205
877,2009,12.880096807257962,0.041654167609476975,1.3573200805895134,False,1.0,1.0,1.0,0.8999194198227236,1.0,0.930365296803653,1.0,0.9016921837228042,1.0,1.0,1.0,0.8999194198227236
878,2019,7.295376348999284,0.034139477334142014,1.0046194607092565,False,1.0,1.0,1.0,0.9903303787268332,1.0,0.9945205479452055,1.0,0.9922643029814665,1.0,1.0,1.0,0.9903303787268332
879,2008,4.773758319276048,0.05727399069281981,1.313327591001677,True,0.9508196721311475,0.9508196721311475,0.9373134328358209,0.8624236579877853,0.9502732240437158,0.8866120218579235,0.936318407960199,0.8601735776277725,1.0,1.0,0.9373134328358209,0.8624236579877853
880,2022,8.732506023668677,0.04790611570784575,1.1041399972179025,False,1.0,1.0,1.0,0.9253827558420629,1.0,0.9718036529680365,1.0,0.9601933924254633,1.0,1.0,1.0,0.9253827558420629
881,2011,13.659960633750654,0.03864441606658742,1.0803113874047683,False,1.0,1.0,1.0,0.9856567284448026,1.0,0.991324200913242,1.0,0.9877518130539887,1.0,1.0,1.0,0.9856567284448026
882,2023,4.992080581839005,0.03137878289288748,1.4596984621838718,False,1.0,1.0,1.0,0.8559226430298147,1.0,0.9170091324200913,0.999009900990099,0.8828364222401289,1.0,1.0,1.0,0.8559226430298147
883,2014,12.824176929457998,0.04132159222135991,1.297749852955059,False,1.0,1.0,1.0,0.8900886381950041,1.0,0.9462328767123288,1.0,0.9240934730056406,1.0,1.0,1.0,0.8900886381950041
884,2005,2.5258447296806397,0.041191269783257656,1.307615025267646,False,1.0,1.0,1.0,0.8973408541498791,1.0,0.9538812785388128,1.0,0.9348912167606769,1.0,1.0,1.0,0.8973408541498791
885,2015,11.502922804542198,0.022631497005074958,1.2197936876506694,False,1.0,1.0,0.9970149253731343,0.9437550362610798,0.9989041095890411,0.9813926940639269,0.9980099502487563,0.9737308622078968,1.0,1.0,0.9970149253731343,0.9437550362610798
886,2018,9.76169753361214,0.04417036039960211,1.117472772626535,False,1.0,1.0,0.999009900990099,0.8913779210314263,0.9994520547945206,0.9487442922374429,0.999009900990099,0.9276390008058018,1.0,1.0,0.999009900990099,0.8913779210314263
887,2006,10.893430454775986,0.03747579600286048,1.2532723891615027,False,1.0,1.0,1.0,0.9382755842062852,1.0,0.9747716894977169,1.0,0.9643835616438357,1.0,1.0,1.0,0.9382755842062852
888,2009,9.01274064610544,0.07516839851060549,1.4199670470985941,False,1.0,1.0,1.0,0.8259468170829976,1.0,0.9004566210045662,1.0,0.8594681708299758,1.0,1.0,1.0,0.8259468170829976
889,2014,9.525118737912097,0.04609304926528737,1.1610530005336313,False,1.0,1.0,1.0,0.906204673650282,1.0,0.9383561643835616,1.0,0.9129734085414988,1.0,1.0,1.0,0.906204673650282
890,2017,0.3829775570767546,0.0710985095778049,1.023212022388811,False,1.0,1.0,1.0,0.9914585012087027,1.0,0.9953196347031964,0.999009900990099,0.9933924254633361,1.0,1.0,1.0,0.9914585012087027
891,2011,2.972568444336534,0.0314057463049025,1.4422574936833374,False,1.0,1.0,1.0,0.8850926672038678,1.0,0.9325342465753425,1.0,0.904754230459307,1.0,1.0,1.0,0.8850926672038678
892,2017,3.6111443028629093,0.038973962611174105,1.1989752831351375,False,1.0,1.0,1.0,0.9423045930701047,1.0,0.9747716894977169,1.0,0.9643835616438357,1.0,1.0,1.0,0.9423045930701047
893,2008,3.4447850435937157,0.029547064825428366,1.4901223126379737,False,1.0,1.0,0.9980099502487563,0.8649951783992286,0.9994535519125683,0.9222449908925319,0.9980099502487563,0.8902282224365156,1.0,1.0,0.9980099502487563,0.8649951783992286
894,2024,6.325328321753884,0.0272171429093656,1.4084100337395506,False,1.0,1.0,1.0,0.8635486981677917,1.0,0.9199681238615665,1.0,0.8870138219222115,1.0,1.0,1.0,0.8635486981677917
895,2006,8.244507160398703,0.023329159191458882,1.084309380915784,False,1.0,1.0,1.0,0.9489121676067688,1.0,0.9804794520547945,1.0,0.9724415793714746,1.0,1.0,1.0,0.9489121676067688
896,2015,4.530768891237778,0.07531527924645738,1.2564772252556504,False,1.0,1.0,0.9970149253731343,0.8950846091861402,0.9989041095890411,0.9523972602739726,0.9980099502487563,0.9327961321514907,1.0,1.0,0.9970149253731343,0.8950846091861402
897,2005,4.1436921155086734,0.03765937849009002,1.1718229628648822,False,1.0,1.0,1.0,0.9468170829975826,1.0,0.9804794520547945,1.0,0.9724415793714746,1.0,1.0,1.0,0.9468170829975826
898,2012,7.586005307765332,0.03339935528971643,1.2439880824413236,False,1.0,1.0,1.0,0.9088717454194792,1.0,0.9281648451730419,1.0,0.8985856637737062,1.0,1.0,1.0,0.9088717454194792
899,2007,10.759660780596064,0.054881078453002594,1.2083505117840037,True,0.8931506849315068,0.8931506849315068,0.8613861386138614,0.8489927477840451,0.8931506849315068,0.8743150684931507,0.8613861386138614,0.8665592264302981,1.0,1.0,0.8613861386138614,0.8489927477840451
900,2006,11.758898036267492,0.07624161929472707,1.1452351672144487,False,1.0,1.0,1.0,0.9779210314262692,1.0,0.9872146118721461,1.0,0.9819500402900886,1.0,1.0,1.0,0.9779210314262692
901,2013,11.382963603889294,0.04186142428011076,1.4974115867071118,False,1.0,1.0,0.9980099502487563,0.8675261885576149,0.9989041095890411,0.9228310502283105,0.9980099502487563,0.8910556003223207,1.0,1.0,0.9980099502487563,0.8675261885576149
902,2005,9.651933512304147,0.07170950596650458,1.2816280662351547,False,1.0,1.0,1.0,0.8728444802578565,1.0,0.9252283105022832,1.0,0.8944399677679291,1.0,1.0,1.0,0.8728444802578565
903,2018,0.34200371362454185,0.06952812999593717,1.2252699027558298,False,1.0,1.0,1.0,0.9471394037066881,0.9994520547945206,0.977283105022831,0.999009900990099,0.9679290894439968,1.0,1.0,1.0,0.9471394037066881
904,2021,7.649833942677969,0.030305188764105238,1.3060749378547571,False,1.0,1.0,1.0,0.8842868654311039,1.0,0.9305936073059361,1.0,0.9020145044319098,1.0,1.0,1.0,0.8842868654311039
905,2010,14.040712805022348,0.07558349804987344,1.3007337675872397,False,1.0,1.0,1.0,0.8812248186946011,1.0,0.9358447488584475,1.0,0.9094278807413376,1.0,1.0,1.0,0.8812248186946011
906,2023,7.592222334608927,0.03841003039237041,1.2158251040506263,False,1.0,1.0,1.0,0.8995970991136181,1.0,0.9350456621004566,0.999009900990099,0.9082997582594682,1.0,1.0,1.0,0.8995970991136181
907,2006,8.288219096594698,0.04636890599473354,1.1069090773961154,False,1.0,1.0,1.0,0.9300564061240935,1.0,0.9718036529680365,1.0,0.9601933924254633,1.0,1.0,1.0,0.9300564061240935
908,2015,4.494703445281036,0.03317024905690059,1.2388761276764768,False,1.0,1.0,0.9970149253731343,0.9057211925866236,0.9994520547945206,0.9587899543378996,0.9970149253731343,0.9418211120064464,1.0,1.0,0.9970149253731343,0.9057211925866236
909,2024,7.500543224064594,0.02239313616278864,1.1136954728114243,False,1.0,1.0,1.0,0.9432658309225329,1.0,0.973816029143898,1.0,0.9630343940855031,1.0,1.0,1.0,0.9432658309225329
910,2019,8.444367806794371,0.07576552430277124,1.1655891224810662,False,1.0,1.0,1.0,0.8925060435132958,1.0,0.9448630136986301,1.0,0.9221595487510073,1.0,1.0,1.0,0.8925060435132958
911,2017,13.43855276963826,0.07365735616884456,1.1384016436955235,False,1.0,1.0,1.0,0.9521353746978244,1.0,0.9789954337899544,1.0,0.9703464947622885,1.0,1.0,1.0,0.9521353746978244
912,2007,7.109013211385909,0.023765796675836174,1.0018627540388103,False,1.0,1.0,1.0,0.9933924254633361,1.0,0.9965753424657534,1.0,0.9951651893634166,1.0,1.0,1.0,0.9933924254633361
913,2006,8.842958918051442,0.038106157911169766,1.4956000153881255,False,1.0,1.0,1.0,0.8489927477840451,1.0,0.8843607305936073,1.0,0.8367445608380338,1.0,1.0,1.0,0.8489927477840451
914,2015,6.226611400027421,0.0640094478517962,1.1831860774547451,False,1.0,1.0,0.9970149253731343,0.9079774375503626,0.9994520547945206,0.9593607305936073,0.9970149253731343,0.9426269137792103,1.0,1.0,0.9970149253731343,0.9079774375503626
915,2007,1.8622501936601743,0.0629859905453543,1.3128413951301876,False,1.0,1.0,1.0,0.9002417405318291,1.0,0.9522831050228311,1.0,0.932634971796938,1.0,1.0,1.0,0.9002417405318291
916,2023,2.615875767345728,0.03152685345495268,1.0021414053164674,False,1.0,1.0,1.0,0.9953263497179694,1.0,0.997716894977169,1.0,0.9967767929089444,1.0,1.0,1.0,0.9953263497179694
917,2005,7.9247159335238315,0.0430947468320626,1.001603845342592,False,1.0,1.0,1.0,0.9916196615632554,1.0,0.9960045662100456,1.0,0.9943593875906527,1.0,1.0,1.0,0.9916196615632554
918,2011,12.992556462266158,0.051828507395397946,1.4474589411927603,False,1.0,1.0,1.0,0.8788074133763094,1.0,0.9291095890410959,1.0,0.8999194198227236,1.0,1.0,1.0,0.8788074133763094
919,2006,9.126251198158949,0.027344530863828022,1.3374635504052796,False,1.0,1.0,1.0,0.8575342465753425,1.0,0.9212328767123288,1.0,0.8887993553585818,1.0,1.0,1.0,0.8575342465753425
920,2007,6.645779990375206,0.06519857693577902,1.2714371440476573,False,1.0,1.0,1.0,0.904754230459307,1.0,0.9254566210045662,1.0,0.8947622884770347,1.0,1.0,1.0,0.904754230459307
921,2024,2.5823682745455443,0.04755062219636912,1.085062202807825,True,0.9781420765027322,0.9781420765027322,0.9702970297029703,0.9691417550626809,0.9781420765027322,0.9733606557377049,0.9702970297029703,0.9713918354226937,1.0,1.0,0.9702970297029703,0.9691417550626809
922,2023,1.0944201174020363,0.047071306732011944,1.1225501411675163,False,1.0,1.0,1.0,0.9880741337630943,1.0,0.9933789954337899,0.999009900990099,0.9906526994359388,1.0,1.0,1.0,0.9880741337630943
923,2020,6.071148730069006,0.04250681918453421,1.0189330583215641,False,1.0,1.0,0.9990049751243781,0.9916425586628094,0.9994535519125683,0.9955601092896175,0.9990049751243781,0.993731918997107,1.0,1.0,0.9990049751243781,0.9916425586628094
924,2023,1.8401020441797615,0.053651694376183265,1.0493824288567812,False,1.0,1.0,1.0,0.9924254633360193,1.0,0.9958904109589041,1.0,0.9941982272361,1.0,1.0,1.0,0.9924254633360193
925,2013,6.6342354768395815,0.02026694148853178,1.096487220883922,False,1.0,1.0,0.9980099502487563,0.9527800161160355,0.9994520547945206,0.9877853881278539,0.9980099502487563,0.9827558420628525,1.0,1.0,0.9980099502487563,0.9527800161160355
926,2014,12.003726654133015,0.04435666384927818,1.202513363250489,False,1.0,1.0,1.0,0.9373086220789686,1.0,0.9757990867579909,1.0,0.9658340048348106,1.0,1.0,1.0,0.9373086220789686
927,2016,2.762102800401137,0.04625671343930304,1.2824141815813814,False,1.0,1.0,0.9990147783251232,0.9119254259080681,1.0,0.961976320582878,0.9980295566502463,0.9463195114111218,1.0,1.0,0.9990147783251232,0.9119254259080681
928,2017,4.399102401126668,0.03567789206144984,1.2303806331458955,False,1.0,1.0,1.0,0.9102336825141015,1.0,0.9606164383561644,1.0,0.9443996776792909,1.0,1.0,1.0,0.9102336825141015
929,2005,3.021848433710163,0.06931222777392201,1.239652341358893,True,0.9561643835616438,0.9561643835616438,0.9851485148514851,0.8860596293311845,0.9561643835616438,0.9230593607305936,0.9851485148514851,0.9094278807413376,1.0,1.0,0.9851485148514851,0.8860596293311845
930,2005,11.27589487160325,0.056125269560101526,1.2114529671790275,False,1.0,1.0,1.0,0.939887187751813,1.0,0.9767123287671233,1.0,0.9671232876712329,1.0,1.0,1.0,0.939887187751813
931,2021,2.910000667394156,0.055104125365571244,1.077432205714418,False,1.0,1.0,1.0,0.9885576148267526,1.0,0.993607305936073,1.0,0.9909750201450443,1.0,1.0,1.0,0.9885576148267526
932,2021,0.7460814828160273,0.07219140288269454,1.4584782929308924,False,1.0,1.0,1.0,0.891539081385979,0.9994520547945206,0.9182648401826484,0.999009900990099,0.8846091861402096,1.0,1.0,1.0,0.891539081385979
933,2012,14.345099101101269,0.06951384302595352,1.429855032341103,False,1.0,1.0,1.0,0.861459337833494,1.0,0.9145036429872495,1.0,0.8792992606878817,1.0,1.0,1.0,0.861459337833494
934,2024,8.660085046142239,0.030667166454846476,1.365696955887471,False,1.0,1.0,1.0,0.8479588556734169,1.0,0.9162112932604736,1.0,0.8817100610736097,1.0,1.0,1.0,0.8479588556734169
935,2020,4.539949835721443,0.042702560888322263,1.0998617485105164,False,1.0,1.0,1.0,0.9736419157827065,0.9994535519125683,0.9908925318761385,0.9980099502487563,0.9871423979427837,1.0,1.0,1.0,0.9736419157827065
936,2008,8.322381005648525,0.056507022187625475,1.1660505939205024,False,1.0,1.0,0.9960199004975124,0.8948891031822566,0.9994535519125683,0.9502504553734062,0.9990049751243781,0.9297653487624558,1.0,1.0,0.9960199004975124,0.8948891031822566
937,2020,12.939961886296366,0.06574411038228298,1.2917467757347882,False,1.0,1.0,0.9980099502487563,0.8874959819993571,0.9994535519125683,0.9430783242258652,0.9990049751243781,0.9196399871423979,1.0,1.0,0.9980099502487563,0.8874959819993571
938,2017,3.9343674107822215,0.053241170124242634,1.306679618204184,False,1.0,1.0,1.0,0.8839645447219984,0.9994520547945206,0.9361872146118722,0.999009900990099,0.909911361804996,1.0,1.0,1.0,0.8839645447219984
939,2009,5.031688889238915,0.05793377222529919,1.4993477462601914,False,1.0,1.0,1.0,0.848348106365834,1.0,0.9135844748858447,1.0,0.8780016116035455,1.0,1.0,1.0,0.848348106365834
940,2024,4.226504367395298,0.035054775737153876,1.173480012683765,False,1.0,1.0,1.0,0.9445515911282546,1.0,0.9798497267759563,1.0,0.9715525554484089,1.0,1.0,1.0,0.9445515911282546
941,2008,5.175419802639221,0.022401875767955836,1.4589712508114348,False,1.0,1.0,0.9990049751243781,0.8592092574734812,0.9994535519125683,0.9203096539162113,0.9980099502487563,0.8874959819993571,1.0,1.0,0.9990049751243781,0.8592092574734812
942,2020,1.2972629436807677,0.07182949701582529,1.0205766000262002,False,1.0,1.0,1.0,0.9950176792028287,1.0,0.9972677595628415,1.0,0.996142719382835,1.0,1.0,1.0,0.9950176792028287
943,2011,2.19584743329311,0.07527383016310213,1.2188841835327549,False,1.0,1.0,1.0,0.9432715551974215,1.0,0.9796803652968037,1.0,0.9713134568896051,1.0,1.0,1.0,0.9432715551974215
944,2016,11.138535926334772,0.029649581738473162,1.1789050162076782,False,1.0,1.0,0.9990147783251232,0.9750883960141433,1.0,0.9913479052823315,1.0,0.9877852780456445,1.0,1.0,0.9990147783251232,0.9750883960141433
945,2020,10.425950848724675,0.06976571360979224,1.1385651561706969,False,1.0,1.0,0.9990049751243781,0.9754098360655737,0.9994535519125683,0.9850865209471766,0.9990049751243781,0.9789456766313083,1.0,1.0,0.9990049751243781,0.9754098360655737
946,2018,13.031186637053,0.0378873375130216,1.0347082657246829,False,1.0,1.0,1.0,0.9774375503626108,1.0,0.9867579908675799,0.999009900990099,0.9813053988718775,1.0,1.0,1.0,0.9774375503626108
947,2005,11.231062793235916,0.03222685825680377,1.4566080292543024,False,1.0,1.0,1.0,0.88348106365834,1.0,0.91324200913242,1.0,0.8775181305398871,1.0,1.0,1.0,0.88348106365834
948,2015,9.764158851326814,0.07569842798582742,1.2978187090051199,False,1.0,1.0,0.9970149253731343,0.8573730862207897,0.9989041095890411,0.9204337899543379,0.9970149253731343,0.8876712328767123,1.0,1.0,0.9970149253731343,0.8573730862207897
949,2018,5.456009693391243,0.058676320390060016,1.0386330151268268,False,1.0,1.0,1.0,0.9801772763900081,0.9994520547945206,0.9884703196347032,0.999009900990099,0.9837228041901692,1.0,1.0,1.0,0.9801772763900081
950,2020,13.267472221567512,0.045671058039699425,1.3920304538203536,False,1.0,1.0,0.9990049751243781,0.8783349405335905,0.9994535519125683,0.9122267759562842,0.9990049751243781,0.8760848601735777,1.0,1.0,0.9990049751243781,0.8783349405335905
951,2023,4.735453587572897,0.07982158169835037,1.015109601875675,False,1.0,1.0,0.999009900990099,0.9917808219178083,1.0,0.9955479452054794,1.0,0.9937147461724416,1.0,1.0,0.999009900990099,0.9917808219178083
952,2006,10.226840129544726,0.06329475465793105,1.1081997816406328,False,1.0,1.0,1.0,0.9879129734085415,1.0,0.9937214611872146,1.0,0.9911361804995971,1.0,1.0,1.0,0.9879129734085415
953,2018,3.286750111269518,0.06700480915003855,1.0944728752310944,False,1.0,1.0,1.0,0.9764705882352941,1.0,0.9863013698630136,0.999009900990099,0.9806607574536664,1.0,1.0,1.0,0.9764705882352941
954,2006,1.2899845745242926,0.04733185437139491,1.4650909643723853,False,1.0,1.0,1.0,0.8920225624496374,1.0,0.9205479452054794,1.0,0.8878323932312651,1.0,1.0,1.0,0.8920225624496374
955,2020,5.815167723123382,0.04782267837327731,1.216867486843741,False,1.0,1.0,1.0,0.8971391835422694,0.9994535519125683,0.9563979963570127,0.9990049751243781,0.9384442301510768,1.0,1.0,1.0,0.8971391835422694
956,2011,4.885422146063766,0.022450135840512867,1.3409083628231595,False,1.0,1.0,1.0,0.9036261079774376,1.0,0.9231735159817351,1.0,0.891539081385979,1.0,1.0,1.0,0.9036261079774376
957,2011,5.763120048067393,0.053165062644348185,1.3646752224760699,False,1.0,1.0,1.0,0.8870265914585012,1.0,0.9344748858447488,1.0,0.9074939564867043,1.0,1.0,1.0,0.8870265914585012
958,2008,3.397583728967633,0.03605892410359114,1.3873512965056136,False,1.0,1.0,0.9980099502487563,0.9037287045965927,0.9994535519125683,0.9230418943533698,0.9970149253731343,0.891353262616522,1.0,1.0,0.9980099502487563,0.9037287045965927
959,2008,2.830988315144438,0.0481127017685124,1.0156386256374033,False,1.0,1.0,0.9970149253731343,0.9948569591771135,0.9994535519125683,0.9973816029143898,0.9990049751243781,0.9963034394085503,1.0,1.0,0.9970149253731343,0.9948569591771135
960,2014,5.301104646796371,0.0493657939555048,1.3927220111670853,True,0.8931506849315068,0.8931506849315068,0.855,0.7895245769540693,0.8931506849315068,0.8315068493150685,0.855,0.8061240934730056,1.0,1.0,0.855,0.7895245769540693
961,2007,14.259733187234033,0.07567029308499301,1.300500275467839,False,1.0,1.0,1.0,0.8765511684125705,1.0,0.9211187214611872,1.0,0.888638195004029,1.0,1.0,1.0,0.8765511684125705
962,2017,6.643710946704056,0.045615911585980176,1.3658363917338945,True,0.9013698630136986,0.9013698630136986,0.9108910891089109,0.7909750201450443,0.9008219178082192,0.8355022831050228,0.9099009900990099,0.8083803384367445,1.0,1.0,0.9108910891089109,0.7909750201450443
963,2009,14.15921414287084,0.02774985176614387,1.4059380552936964,False,1.0,1.0,1.0,0.8867042707493956,1.0,0.9307077625570777,1.0,0.9021756647864625,1.0,1.0,1.0,0.8867042707493956
964,2005,14.40795695857057,0.06959892433941725,1.1760202650217104,False,1.0,1.0,1.0,0.9358581788879936,1.0,0.9702054794520548,1.0,0.9579371474617244,1.0,1.0,1.0,0.9358581788879936
965,2019,6.684000445519931,0.05446773161234947,1.3737529438819764,False,1.0,1.0,1.0,0.8755842062852538,1.0,0.9254566210045662,1.0,0.8947622884770347,1.0,1.0,1.0,0.8755842062852538
966,2024,7.955993091277557,0.05875685425501312,1.095961354257672,True,0.9180327868852459,0.9180327868852459,0.9257425742574258,0.8664416586306654,0.9180327868852459,0.8943533697632058,0.9257425742574258,0.8846030215364834,1.0,1.0,0.9257425742574258,0.8664416586306654
967,2017,1.5932617256465298,0.02331213399248427,1.4048845895239772,False,1.0,1.0,1.0,0.9012087026591459,1.0,0.927054794520548,1.0,0.8970185334407735,1.0,1.0,1.0,0.9012087026591459
968,2007,2.12090142116649,0.025797529458136542,1.3162856098929936,True,0.8904109589041096,0.8904109589041096,0.8613861386138614,0.7980660757453666,0.8904109589041096,0.8472602739726027,0.8613861386138614,0.8294923448831587,1.0,1.0,0.8613861386138614,0.7980660757453666
969,2009,10.243419839229675,0.03257578689960659,1.2254748244416853,False,1.0,1.0,1.0,0.9613215149073328,1.0,0.9876712328767123,1.0,0.9825946817082998,1.0,1.0,1.0,0.9613215149073328
970,2018,0.38889342136416205,0.04102202568289688,1.18307818390121,False,1.0,1.0,1.0,0.972119258662369,0.9994520547945206,0.983675799086758,0.999009900990099,0.9769540692989525,1.0,1.0,1.0,0.972119258662369
971,2024,13.68873821545953,0.028590725029162867,1.2060524175905367,False,1.0,1.0,1.0,0.9207650273224044,1.0,0.9544626593806922,1.0,0.9357119897139183,1.0,1.0,1.0,0.9207650273224044
972,2015,9.948570427658268,0.03940515547764849,1.4302148246742419,False,1.0,1.0,0.9980099502487563,0.8398066075745366,0.9989041095890411,0.8888127853881278,0.9970149253731343,0.8430298146655922,1.0,1.0,0.9980099502487563,0.8398066075745366
973,2011,14.464861303272944,0.021411686589396642,1.1274504519012853,False,1.0,1.0,1.0,0.9587429492344883,1.0,0.9877853881278539,1.0,0.9827558420628525,1.0,1.0,1.0,0.9587429492344883
974,2017,1.6907409949179004,0.07249394423338967,1.1812594409018677,False,1.0,1.0,1.0,0.9624496373892023,0.9994520547945206,0.9853881278538813,0.999009900990099,0.9793714746172442,1.0,1.0,1.0,0.9624496373892023
975,2015,6.000374936766194,0.05548926044477573,1.0505716066638016,False,1.0,1.0,0.9970149253731343,0.9842062852538276,0.9989041095890411,0.9921232876712329,0.9960199004975124,0.9888799355358582,1.0,1.0,0.9970149253731343,0.9842062852538276
976,2006,4.906683840317422,0.07886671613721649,1.088021659946628,False,1.0,1.0,1.0,0.9785656728444803,1.0,0.9940639269406393,1.0,0.9916196615632554,1.0,1.0,1.0,0.9785656728444803
977,2014,2.1837403815335374,0.04662017446896202,1.124778591013278,False,1.0,1.0,1.0,0.990491539081386,1.0,0.9950913242009133,1.0,0.9930701047542304,1.0,1.0,1.0,0.990491539081386
978,2014,4.225507972479453,0.03838077423066235,1.0990895154114266,False,1.0,1.0,1.0,0.983883964544722,1.0,0.9947488584474886,1.0,0.9925866236905722,1.0,1.0,1.0,0.983883964544722
979,2018,12.158409151772691,0.07048591106863256,1.2594071245769,False,1.0,1.0,1.0,0.9053988718775181,1.0,0.9492009132420092,0.999009900990099,0.9282836422240129,1.0,1.0,1.0,0.9053988718775181
980,2013,11.282476002966606,0.05640071091547842,1.1846951117598987,True,0.8904109589041096,0.8904109589041096,0.8517412935323383,0.8509266720386784,0.8898630136986302,0.8736301369863013,0.8537313432835821,0.866720386784851,1.0,1.0,0.8517412935323383,0.8509266720386784
981,2018,8.976489024986748,0.05303848764916416,1.1450239223867968,False,1.0,1.0,1.0,0.8887993553585818,1.0,0.9455479452054795,0.999009900990099,0.923126510878324,1.0,1.0,1.0,0.8887993553585818
982,2015,9.325026187729273,0.04728756543902299,1.1439307002453913,True,0.947945205479452,0.947945205479452,0.9253731343283582,0.8467365028203062,0.9473972602739726,0.8969178082191781,0.9243781094527364,0.8759065269943593,1.0,1.0,0.9253731343283582,0.8467365028203062
983,2008,9.931324023855177,0.038165291494739136,1.1664413127070232,False,1.0,1.0,0.9980099502487563,0.9096753455480553,0.9994535519125683,0.9335154826958105,0.9970149253731343,0.9061395049823208,1.0,1.0,0.9980099502487563,0.9096753455480553
984,2010,13.941561400165487,0.02607196675560648,1.0873420024603209,False,1.0,1.0,1.0,0.986784850926672,1.0,0.9931506849315068,1.0,0.9903303787268332,1.0,1.0,1.0,0.986784850926672
985,2007,3.7067893255352997,0.029369913412295907,1.0970508461743889,False,1.0,1.0,1.0,0.9861402095084609,1.0,0.992579908675799,1.0,0.9895245769540693,1.0,1.0,1.0,0.9861402095084609
986,2006,0.28125880104418743,0.07176360879577608,1.1629955227078124,False,1.0,1.0,1.0,0.9872683319903304,1.0,0.9933789954337899,1.0,0.9906526994359388,1.0,1.0,1.0,0.9872683319903304
987,2007,14.733462443484568,0.07104143791688938,1.376069136164462,False,1.0,1.0,1.0,0.8726833199033038,1.0,0.9172374429223744,1.0,0.8831587429492345,1.0,1.0,1.0,0.8726833199033038
988,2015,4.8650998980545905,0.0630027804906338,1.4752941920245466,False,1.0,1.0,0.9970149253731343,0.8510878323932313,0.9989041095890411,0.9144977168949772,0.9970149253731343,0.8792908944399678,1.0,1.0,0.9970149253731343,0.8510878323932313
989,2012,4.419316586815103,0.05682282900355515,1.2133648997884563,False,1.0,1.0,1.0,0.9201221472195436,1.0,0.9653916211293261,1.0,0.9511411121825779,1.0,1.0,1.0,0.9201221472195436
990,2010,0.1415359144147582,0.058016227156511654,1.4576306257720353,False,1.0,1.0,1.0,0.9029814665592264,1.0,0.9251141552511416,1.0,0.8942788074133763,1.0,1.0,1.0,0.9029814665592264
991,2016,8.617014889070376,0.05189938570813313,1.0336520353344982,False,1.0,1.0,0.9980295566502463,0.9678559948569592,0.9994535519125683,0.9951047358834244,0.9990147783251232,0.9930890388942463,1.0,1.0,0.9980295566502463,0.9678559948569592
992,2014,8.220894147639491,0.02345336215663727,1.2989752565598784,False,1.0,1.0,1.0,0.8892828364222402,1.0,0.9368721461187215,1.0,0.9108783239323126,1.0,1.0,1.0,0.8892828364222402
993,2023,10.63565445351656,0.06265326096376939,1.143446911916157,False,1.0,1.0,1.0,0.9798549556809025,1.0,0.9886986301369863,0.999009900990099,0.9840451248992748,1.0,1.0,1.0,0.9798549556809025
994,2013,3.402622269483488,0.07013799554319947,1.302795821797387,True,0.9397260273972603,0.9397260273972603,0.9233830845771144,0.8319097502014504,0.9386301369863014,0.8855022831050229,0.9233830845771144,0.8631748589846898,1.0,1.0,0.9233830845771144,0.8319097502014504
995,2010,9.62468518367449,0.02062388609060843,1.3038477547092315,False,1.0,1.0,1.0,0.8638195004029009,1.0,0.9262557077625571,1.0,0.8958904109589041,1.0,1.0,1.0,0.8638195004029009
996,2011,11.530950486023631,0.03821950502659214,1.2106367802757618,False,1.0,1.0,1.0,0.9481063658340049,1.0,0.9850456621004566,1.0,0.9788879935535858,1.0,1.0,1.0,0.9481063658340049
997,2024,1.066943037383885,0.06012168577060517,1.1312862305800775,False,1.0,1.0,1.0,0.9866602378656381,1.0,0.9931693989071039,1.0,0.9903567984570878,1.0,1.0,1.0,0.9866602378656381
998,2013,0.7216279202500198,0.04348691981521041,1.3984856959577328,False,1.0,1.0,0.9980099502487563,0.87767929089444,0.9989041095890411,0.9344748858447488,0.9980099502487563,0.9074939564867043,1.0,1.0,0.9980099502487563,0.87767929089444
999,2006,9.340710211315715,0.054824410170825205,1.0406323469737613,False,1.0,1.0,1.0,0.9535858178887994,1.0,0.9866438356164383,1.0,0.9811442385173247,1.0,1.0,1.0,0.9535858178887994
